Time,SP,PV,OP,Error,ts
1,0,-1.5707,-0.80926,1.5707,20
2,0,-1.4994,-0.80926,1.4994,20
3,0,-1.2357,-0.80926,1.2357,20
4,0,-0.74773,-0.80926,0.74773,20
5,0,-0.14244,-0.51187,0.14244,20
6,0,0.34905,-0.384,-0.34905,20
7,0,0.58485,-0.54661,-0.58485,20
8,0,0.67465,-0.59232,-0.67465,20
9,0,0.68768,-0.71637,-0.68768,20
10,0,0.53894,-0.79854,-0.53894,20
11,0,0.27022,-0.80926,-0.27022,20
12,0,-0.014942,-0.80926,0.014942,20
13,0,-0.37002,-0.80926,0.37002,20
14,0,-0.80736,-0.80926,0.80736,20
15,0,-1.257,-0.80926,1.257,20
16,0,-1.5925,-0.80926,1.5925,20
17,0,-1.7936,-0.80926,1.7936,20
18,0,-1.8185,-0.80926,1.8185,20
19,0,-1.543,-0.80926,1.543,20
20,0,-1.0354,-0.80926,1.0354,20
21,0,-0.4276,-0.80926,0.4276,20
22,0,0.15712,-0.52025,-0.15712,20
23,0,0.54688,-0.36663,-0.54688,20
24,0,0.74951,-0.29406,-0.74951,20
25,0,0.81778,-0.21534,-0.81778,20
26,0,0.68069,-0.54661,-0.68069,20
27,0,0.43144,-0.77895,-0.43144,20
28,0,0.18686,-0.80926,-0.18686,20
29,0,-0.11502,-0.80926,0.11502,20
30,0,-0.50685,-0.80926,0.50685,20
31,0,-0.94995,-0.80926,0.94995,20
32,0,-1.3181,-0.80926,1.3181,20
33,0,-1.5529,-0.80926,1.5529,20
34,0,-1.7225,-0.80926,1.7225,20
35,0,-1.6722,-0.80926,1.6722,20
36,0,-1.3047,-0.80926,1.3047,20
37,0,-0.7761,-0.80926,0.7761,20
38,0,-0.29297,-0.80926,0.29297,20
39,0,0.11339,-0.75167,-0.11339,20
40,0,0.41499,-0.62632,-0.41499,20
41,0,0.49972,-0.66358,-0.49972,20
42,0,0.37661,-0.78893,-0.37661,20
43,0,0.1578,-0.80926,-0.1578,20
44,0,-0.072521,-0.80926,0.072521,20
45,0,-0.30284,-0.80926,0.30284,20
46,0,-0.64737,-0.80926,0.64737,20
47,0,-1.1262,-0.80926,1.1262,20
48,0,-1.5018,-0.80926,1.5018,20
49,0,-1.7319,-0.80926,1.7319,20
50,0,-1.8844,-0.80926,1.8844,20
51,0,-1.8452,-0.80926,1.8452,20
52,0,-1.5921,-0.80926,1.5921,20
53,0,-1.1158,-0.80926,1.1158,20
54,0,-0.51262,-0.80926,0.51262,20
55,0,0.065121,-0.64172,-0.065121,20
56,0,0.52823,-0.45822,-0.52823,20
57,0,0.77665,-0.45828,-0.77665,20
58,0,0.90196,-0.13114,-0.90196,20
59,0,0.87957,-0.12911,-0.87957,20
60,0,0.70181,-0.48883,-0.70181,20
61,0,0.50073,-0.63433,-0.50073,20
62,0,0.21031,-0.78524,-0.21031,20
63,0,-0.18522,-0.80926,0.18522,20
64,0,-0.59418,-0.80926,0.59418,20
65,0,-1.0004,-0.80926,1.0004,20
66,0,-1.3549,-0.80926,1.3549,20
67,0,-1.5279,-0.80926,1.5279,20
68,0,-1.4748,-0.80926,1.4748,20
69,0,-1.1237,-0.80926,1.1237,20
70,0,-0.53728,-0.77052,0.53728,20
71,0,0.031122,-0.68619,-0.031122,20
72,0,0.5392,-0.26936,-0.5392,20
73,0,0.90073,0.04367,-0.90073,20
74,0,0.99561,-0.15868,-0.99561,20
75,0,0.94282,-0.20925,-0.94282,20
76,0,0.78064,-0.22729,-0.78064,20
77,0,0.57212,-0.20931,-0.57212,20
78,0,0.30697,-0.38572,-0.30697,20
79,0,-0.079106,-0.7505,0.079106,20
80,0,-0.48725,-0.80926,0.48725,20
81,0,-0.89813,-0.80926,0.89813,20
82,0,-1.2232,-0.80926,1.2232,20
83,0,-1.4468,-0.80926,1.4468,20
84,0,-1.5386,-0.80926,1.5386,20
85,0,-1.3256,-0.80926,1.3256,20
86,0,-0.89456,-0.80926,0.89456,20
87,0,-0.32671,-0.70329,0.32671,20
88,0,0.23676,-0.47265,-0.23676,20
89,0,0.66561,-0.2233,-0.66561,20
90,0,0.94557,0.026041,-0.94557,20
91,0,1.0308,0.27538,-1.0308,20
92,0,0.97847,0.36012,-0.97847,20
93,0,0.75801,-0.16138,-0.75801,20
94,0,0.47861,-0.7261,-0.47861,20
95,0,0.19345,-0.80926,-0.19345,20
96,0,-0.21057,-0.80926,0.21057,20
97,0,-0.6985,-0.80926,0.6985,20
98,0,-1.0833,-0.80926,1.0833,20
99,0,-1.3338,-0.80926,1.3338,20
100,0,-1.4942,-0.80926,1.4942,20
101,0,-1.4092,-0.80926,1.4092,20
102,0,-1.0314,-0.80926,1.0314,20
103,0,-0.4553,-0.80926,0.4553,20
104,0,0.15026,-0.60611,-0.15026,20
105,0,0.69331,-0.074964,-0.69331,20
106,0,1.1064,0.59675,-1.1064,20
107,0,1.2188,0.73861,-1.2188,20
108,0,1.121,0.50251,-1.121,20
109,0,0.91801,0.33188,-0.91801,20
110,0,0.62448,-0.12418,-0.62448,20
111,0,0.31738,-0.53298,-0.31738,20
112,0,-0.054974,-0.66562,0.054974,20
113,0,-0.50411,-0.75267,0.50411,20
114,0,-0.96475,-0.80273,0.96475,20
115,0,-1.3135,-0.80926,1.3135,20
116,0,-1.5307,-0.80926,1.5307,20
117,0,-1.6116,-0.80926,1.6116,20
118,0,-1.3782,-0.80926,1.3782,20
119,0,-0.91595,-0.80926,0.91595,20
120,0,-0.38977,-0.72758,0.38977,20
121,0,0.12819,-0.66291,-0.12819,20
122,0,0.50849,-0.60901,-0.50849,20
123,0,0.69714,-0.44818,-0.69714,20
124,0,0.72099,-0.48298,-0.72099,20
125,0,0.61845,-0.58603,-0.61845,20
126,0,0.38593,-0.66722,-0.38593,20
127,0,0.13368,-0.78967,-0.13368,20
128,0,-0.11392,-0.80926,0.11392,20
129,0,-0.4819,-0.80926,0.4819,20
130,0,-0.87126,-0.80926,0.87126,20
131,0,-1.2,-0.80926,1.2,20
132,0,-1.4761,-0.80926,1.4761,20
133,0,-1.6376,-0.80926,1.6376,20
134,0,-1.5844,-0.80926,1.5844,20
135,0,-1.2496,-0.80926,1.2496,20
136,0,-0.75471,-0.80926,0.75471,20
137,0,-0.2905,-0.80926,0.2905,20
138,0,0.11339,-0.80926,-0.11339,20
139,0,0.3614,-0.80926,-0.3614,20
140,0,0.43667,-0.80926,-0.43667,20
141,0,0.42309,-0.80926,-0.42309,20
142,0,0.28654,-0.80926,-0.28654,20
143,0,0.081304,-0.80926,-0.081304,20
144,0,-0.20326,-0.80926,0.20326,20
145,0,-0.57101,-0.80926,0.57101,20
146,0,-0.95123,-0.80926,0.95123,20
147,0,-1.3656,-0.80926,1.3656,20
148,0,-1.699,-0.80926,1.699,20
149,0,-1.8959,-0.80926,1.8959,20
150,0,-1.9549,-0.80926,1.9549,20
151,0,-1.7369,-0.80926,1.7369,20
152,0,-1.2406,-0.80926,1.2406,20
153,0,-0.66899,-0.80926,0.66899,20
154,0,-0.1504,-0.80926,0.1504,20
155,0,0.35777,-0.62915,-0.35777,20
156,0,0.71058,-0.40888,-0.71058,20
157,0,0.76638,-0.46777,-0.76638,20
158,0,0.6604,-0.48822,-0.6604,20
159,0,0.47367,-0.56435,-0.47367,20
160,0,0.21565,-0.75002,-0.21565,20
161,0,-0.089566,-0.78169,0.089566,20
162,0,-0.43774,-0.78317,0.43774,20
163,0,-0.79237,-0.78465,0.79237,20
164,0,-1.1012,-0.78612,1.1012,20
165,0,-1.356,-0.7876,1.356,20
166,0,-1.4979,-0.78908,1.4979,20
167,0,-1.3579,-0.79056,1.3579,20
168,0,-1.013,-0.79204,1.013,20
169,0,-0.50959,-0.79352,0.50959,20
170,0,0.098441,-0.61635,-0.098441,20
171,0,0.67192,0.08722,-0.67192,20
172,0,1.027,0.28963,-1.027,20
173,0,1.1353,-0.18984,-1.1353,20
174,0,1.1763,-0.10533,-1.1763,20
175,0,1.0907,0.22865,-1.0907,20
176,0,0.89291,0.14401,-0.89291,20
177,0,0.62777,-0.36835,-0.62777,20
178,0,0.3023,-0.75604,-0.3023,20
179,0,-0.064856,-0.80926,0.064856,20
180,0,-0.47039,-0.80926,0.47039,20
181,0,-0.82807,-0.80926,0.82807,20
182,0,-1.0225,-0.80926,1.0225,20
183,0,-1.0895,-0.80926,1.0895,20
184,0,-0.98272,-0.80926,0.98272,20
185,0,-0.57101,-0.70402,0.57101,20
186,0,-0.056756,-0.47497,0.056756,20
187,0,0.39937,-0.22736,-0.39937,20
188,0,0.78996,0.020263,-0.78996,20
189,0,0.99629,0.1773,-0.99629,20
190,0,0.96202,0.070712,-0.96202,20
191,0,0.80216,0.1466,-0.80216,20
192,0,0.535,-0.076874,-0.535,20
193,0,0.15999,-0.60483,-0.15999,20
194,0,-0.23119,-0.69804,0.23119,20
195,0,-0.71249,-0.70691,0.71249,20
196,0,-1.1879,-0.71578,1.1879,20
197,0,-1.5477,-0.72465,1.5477,20
198,0,-1.8318,-0.73352,1.8318,20
199,0,-1.9754,-0.74239,1.9754,20
200,0,-1.8863,-0.75126,1.8863,20
201,0,-1.5007,-0.76013,1.5007,20
202,0,-0.94501,-0.769,0.94501,20
203,0,-0.36737,-0.7364,0.36737,20
204,0,0.14656,-0.53146,-0.14656,20
205,0,0.49698,-0.29739,-0.49698,20
206,0,0.63874,-0.29369,-0.63874,20
207,0,0.59459,-0.55055,-0.59459,20
208,0,0.42231,-0.77711,-0.42231,20
209,0,0.1918,-0.80926,-0.1918,20
210,0,-0.045836,-0.80926,0.045836,20
211,0,-0.3596,-0.80926,0.3596,20
212,0,-0.76295,-0.80926,0.76295,20
213,0,-1.1797,-0.80926,1.1797,20
214,0,-1.4567,-0.80926,1.4567,20
215,0,-1.5691,-0.80926,1.5691,20
216,0,-1.5589,-0.80926,1.5589,20
217,0,-1.2984,-0.80926,1.2984,20
218,0,-0.86166,-0.80926,0.86166,20
219,0,-0.34041,-0.80926,0.34041,20
220,0,0.16356,-0.80926,-0.16356,20
221,0,0.57403,-0.43857,-0.57403,20
222,0,0.81505,0.06874,-0.81505,20
223,0,0.77255,-0.22397,-0.77255,20
224,0,0.63819,-0.54279,-0.63819,20
225,0,0.48628,-0.58751,-0.48628,20
226,0,0.26747,-0.776,-0.26747,20
227,0,-0.020348,-0.80926,0.020348,20
228,0,-0.37579,-0.80926,0.37579,20
229,0,-0.74138,-0.80926,0.74138,20
230,0,-1.0355,-0.80926,1.0355,20
231,0,-1.2455,-0.80926,1.2455,20
232,0,-1.373,-0.80926,1.373,20
233,0,-1.3157,-0.80926,1.3157,20
234,0,-0.96695,-0.80926,0.96695,20
235,0,-0.41362,-0.80926,0.41362,20
236,0,0.16767,-0.57261,-0.16767,20
237,0,0.65107,-0.18843,-0.65107,20
238,0,0.94474,0.083523,-0.94474,20
239,0,1.0448,0.090484,-1.0448,20
240,0,0.96696,-0.18713,-0.96696,20
241,0,0.77186,-0.50744,-0.77186,20
242,0,0.53044,-0.59108,-0.53044,20
243,0,0.20209,-0.63716,-0.20209,20
244,0,-0.22223,-0.7845,0.22223,20
245,0,-0.66095,-0.80926,0.66095,20
246,0,-1.0111,-0.80926,1.0111,20
247,0,-1.2571,-0.80926,1.2571,20
248,0,-1.4641,-0.80926,1.4641,20
249,0,-1.5271,-0.80926,1.5271,20
250,0,-1.3091,-0.80926,1.3091,20
251,0,-0.83849,-0.80926,0.83849,20
252,0,-0.26364,-0.69826,0.26364,20
253,0,0.28352,-0.45668,-0.28352,20
254,0,0.72812,0.068371,-0.72812,20
255,0,0.93678,0.17087,-0.93678,20
256,0,0.94364,-0.14974,-0.94364,20
257,0,0.87043,-0.13773,-0.87043,20
258,0,0.66232,-0.39884,-0.66232,20
259,0,0.41801,-0.75493,-0.41801,20
260,0,0.17124,-0.80926,-0.17124,20
261,0,-0.22702,-0.80926,0.22702,20
262,0,-0.74292,-0.80926,0.74292,20
263,0,-1.17,-0.80926,1.17,20
264,0,-1.4737,-0.80926,1.4737,20
265,0,-1.6656,-0.80926,1.6656,20
266,0,-1.6034,-0.80926,1.6034,20
267,0,-1.2102,-0.80926,1.2102,20
268,0,-0.69604,-0.80926,0.69604,20
269,0,-0.24417,-0.80926,0.24417,20
270,0,0.26913,-0.58517,-0.26913,20
271,0,0.72566,-0.20216,-0.72566,20
272,0,0.89483,-0.017987,-0.89483,20
273,0,0.82437,-0.19933,-0.82437,20
274,0,0.65958,-0.47759,-0.65958,20
275,0,0.45146,-0.59053,-0.45146,20
276,0,0.14903,-0.67307,-0.14903,20
277,0,-0.25993,-0.75561,0.25993,20
278,0,-0.71989,-0.80307,0.71989,20
279,0,-1.1068,-0.80926,1.1068,20
280,0,-1.4004,-0.80926,1.4004,20
281,0,-1.5799,-0.80926,1.5799,20
282,0,-1.5296,-0.80926,1.5296,20
283,0,-1.274,-0.80926,1.274,20
284,0,-1.0821,-0.80926,1.0821,20
285,0,-0.51041,-0.80926,0.51041,20
286,0,0.34096,-0.66894,-0.34096,20
287,0,0.81916,-0.19181,-0.81916,20
288,0,0.98491,0.10896,-0.98491,20
289,0,0.94282,-0.03425,-0.94282,20
290,0,0.79928,-0.03813,-0.79928,20
291,0,0.52879,-0.18602,-0.52879,20
292,0,0.19618,-0.60254,-0.19618,20
293,0,-0.18576,-0.78856,0.18576,20
294,0,-0.61707,-0.80926,0.61707,20
295,0,-1.0558,-0.80926,1.0558,20
296,0,-1.3896,-0.80926,1.3896,20
297,0,-1.6001,-0.80926,1.6001,20
298,0,-1.7291,-0.80926,1.7291,20
299,0,-1.5976,-0.80926,1.5976,20
300,0,-1.1564,-0.80926,1.1564,20
301,0,-0.5891,-0.74643,0.5891,20
302,0,-0.0078045,-0.4589,0.0078045,20
303,0,0.50357,-0.20697,-0.50357,20
304,0,0.75554,-0.19206,-0.75554,20
305,0,0.89401,-0.12455,-0.89401,20
306,0,0.97353,0.05137,-0.97353,20
307,0,0.82263,-0.19415,-0.82263,20
308,0,0.56416,-0.47294,-0.56416,20
309,0,0.29362,-0.42564,-0.29362,20
310,0,-0.074035,-0.5986,0.074035,20
311,0,-0.55593,-0.78265,0.55593,20
312,0,-1.006,-0.80926,1.006,20
313,0,-1.3123,-0.80926,1.3123,20
314,0,-1.5085,-0.80926,1.5085,20
315,0,-1.5519,-0.80926,1.5519,20
316,0,-1.2588,-0.80926,1.2588,20
317,0,-0.7358,-0.80926,0.7358,20
318,0,-0.10035,-0.48255,0.10035,20
319,0,0.47258,-0.18196,-0.47258,20
320,0,0.87346,-0.064741,-0.87346,20
321,0,1.1485,0.26462,-1.1485,20
322,0,1.2081,0.59792,-1.2081,20
323,0,1.1326,0.88564,-1.1326,20
324,0,0.93913,0.78955,-0.93913,20
325,0,0.62777,0.10545,-0.62777,20
326,0,0.29873,-0.45914,-0.29873,20
327,0,-0.086236,-0.63038,0.086236,20
328,0,-0.53701,-0.73879,0.53701,20
329,0,-0.96969,-0.80113,0.96969,20
330,0,-1.2949,-0.80926,1.2949,20
331,0,-1.4342,-0.80926,1.4342,20
332,0,-1.3714,-0.80926,1.3714,20
333,0,-1.0824,-0.80926,1.0824,20
334,0,-0.53509,-0.32338,0.53509,20
335,0,0.065673,0.33201,-0.065673,20
336,0,0.4941,0.39693,-0.4941,20
337,0,0.81012,0.30792,-0.81012,20
338,0,1.0115,0.36662,-1.0115,20
339,0,1.0251,0.3827,-1.0251,20
340,0,0.84859,0.31624,-0.84859,20
341,0,0.55374,0.10336,-0.55374,20
342,0,0.24299,-0.38868,-0.24299,20
343,0,-0.15245,-0.75826,0.15245,20
344,0,-0.64751,-0.80926,0.64751,20
345,0,-1.0946,-0.80926,1.0946,20
346,0,-1.3884,-0.80926,1.3884,20
347,0,-1.5779,-0.80926,1.5779,20
348,0,-1.6182,-0.80926,1.6182,20
349,0,-1.3782,-0.80926,1.3782,20
350,0,-0.9175,-0.80926,0.9175,20
351,0,-0.37139,-0.6857,0.37139,20
352,0,0.1843,-0.41677,-0.1843,20
353,0,0.63901,0.17136,-0.63901,20
354,0,0.83273,0.40777,-0.83273,20
355,0,0.84136,0.14352,-0.84136,20
356,0,0.73402,0.0056034,-0.73402,20
357,0,0.51974,-0.16681,-0.51974,20
358,0,0.26611,-0.49506,-0.26611,20
359,0,-0.014942,-0.76883,0.014942,20
360,0,-0.38401,-0.80527,0.38401,20
361,0,-0.85179,-0.80231,0.85179,20
362,0,-1.2318,-0.79936,1.2318,20
363,0,-1.405,-0.7964,1.405,20
364,0,-1.4586,-0.79344,1.4586,20
365,0,-1.4201,-0.79049,1.4201,20
366,0,-1.1174,-0.78753,1.1174,20
367,0,-0.59693,-0.78457,0.59693,20
368,0,-0.045794,-0.78162,0.045794,20
369,0,0.50534,-0.43017,-0.50534,20
370,0,0.95742,0.14069,-0.95742,20
371,0,1.2044,0.54883,-1.2044,20
372,0,1.1868,0.46469,-1.1868,20
373,0,0.98533,-0.052235,-0.98533,20
374,0,0.75867,-0.015524,-0.75867,20
375,0,0.62833,0.32252,-0.62833,20
376,0,0.2524,-0.1264,-0.2524,20
377,0,-0.34467,-0.72019,0.34467,20
378,0,-0.78845,-0.80926,0.78845,20
379,0,-1.1158,-0.80926,1.1158,20
380,0,-1.3445,-0.80926,1.3445,20
381,0,-1.4675,-0.80926,1.4675,20
382,0,-1.3297,-0.80926,1.3297,20
383,0,-0.911,-0.80926,0.911,20
384,0,-0.33849,-0.68989,0.33849,20
385,0,0.28174,-0.097078,-0.28174,20
386,0,0.79037,0.52425,-0.79037,20
387,0,1.0873,0.75222,-1.0873,20
388,0,1.1501,0.69352,-1.1501,20
389,0,1.0517,0.58886,-1.0517,20
390,0,0.83624,0.33213,-0.83624,20
391,0,0.50932,-0.17007,-0.50932,20
392,0,0.16566,-0.56743,-0.16566,20
393,0,-0.24636,-0.78136,0.24636,20
394,0,-0.67356,-0.80926,0.67356,20
395,0,-1.036,-0.80926,1.036,20
396,0,-1.2984,-0.80926,1.2984,20
397,0,-1.3821,-0.80926,1.3821,20
398,0,-1.3017,-0.80926,1.3017,20
399,0,-1.0764,-0.80926,1.0764,20
400,0,-0.61748,-0.69198,0.61748,20
401,0,0.030302,-0.17075,-0.030302,20
402,0,0.59994,0.14795,-0.59994,20
403,0,0.99957,0.31636,-0.99957,20
404,0,1.2373,0.73263,-1.2373,20
405,0,1.288,0.78012,-1.288,20
406,0,1.1725,0.50608,-1.1725,20
407,0,0.96969,0.59558,-0.96969,20
408,0,0.69522,0.31192,-0.69522,20
409,0,0.34946,-0.27854,-0.34946,20
410,0,-0.067592,-0.53651,0.067592,20
411,0,-0.55593,-0.77267,0.55593,20
412,0,-0.95474,-0.80926,0.95474,20
413,0,-1.2357,-0.80926,1.2357,20
414,0,-1.3591,-0.80926,1.3591,20
415,0,-1.2527,-0.80926,1.2527,20
416,0,-0.86768,-0.48255,0.86768,20
417,0,-0.26282,-0.10866,0.26282,20
418,0,0.34534,0.17961,-0.34534,20
419,0,0.86001,0.55154,-0.86001,20
420,0,1.2239,1.0749,-1.2239,20
421,0,1.3821,1.4124,-1.3821,20
422,0,1.3217,1.2146,-1.3217,20
423,0,1.1089,0.92875,-1.1089,20
424,0,0.83451,0.6974,-0.83451,20
425,0,0.55301,0.39188,-0.55301,20
426,0,0.23732,0.29566,-0.23732,20
427,0,-0.20715,-0.10028,0.20715,20
428,0,-0.65464,-0.71317,0.65464,20
429,0,-0.99163,-0.80926,0.99163,20
430,0,-1.2631,-0.80926,1.2631,20
431,0,-1.3632,-0.80926,1.3632,20
432,0,-1.1921,-0.80926,1.1921,20
433,0,-0.75911,-0.70873,0.75911,20
434,0,-0.19426,-0.48994,0.19426,20
435,0,0.39635,0.10262,-0.39635,20
436,0,0.83245,0.52345,-0.83245,20
437,0,1.0755,0.72277,-1.0755,20
438,0,1.1705,0.75419,-1.1705,20
439,0,1.0791,0.63802,-1.0791,20
440,0,0.8357,0.67177,-0.8357,20
441,0,0.49451,0.12849,-0.49451,20
442,0,0.13989,-0.55339,-0.13989,20
443,0,-0.27611,-0.78635,0.27611,20
444,0,-0.76431,-0.80926,0.76431,20
445,0,-1.1491,-0.80926,1.1491,20
446,0,-1.3996,-0.80926,1.3996,20
447,0,-1.5181,-0.80926,1.5181,20
448,0,-1.3977,-0.80926,1.3977,20
449,0,-1.0429,-0.80926,1.0429,20
450,0,-0.49972,-0.57889,0.49972,20
451,0,0.086927,-0.39792,-0.086927,20
452,0,0.62749,-0.084142,-0.62749,20
453,0,1.0359,0.54698,-1.0359,20
454,0,1.2291,0.94046,-1.2291,20
455,0,1.2529,1.0128,-1.2529,20
456,0,1.1053,0.87825,-1.1053,20
457,0,0.84931,0.57322,-0.84931,20
458,0,0.57878,0.2818,-0.57878,20
459,0,0.2694,0.17838,-0.2694,20
460,0,-0.16959,-0.26271,0.16959,20
461,0,-0.65821,-0.73867,0.65821,20
462,0,-1.0049,-0.80926,1.0049,20
463,0,-1.2348,-0.80926,1.2348,20
464,0,-1.3438,-0.80926,1.3438,20
465,0,-1.2222,-0.80926,1.2222,20
466,0,-0.8208,-0.67104,0.8208,20
467,0,-0.24142,-0.54612,0.24142,20
468,0,0.3618,-0.032032,-0.3618,20
469,0,0.87646,0.75715,-0.87646,20
470,0,1.1797,1.0548,-1.1797,20
471,0,1.2573,0.85927,-1.2573,20
472,0,1.2173,0.6958,-1.2173,20
473,0,1.0397,0.73472,-1.0397,20
474,0,0.71771,0.49203,-0.71771,20
475,0,0.37404,0.16249,-0.37404,20
476,0,-0.04264,-0.3192,0.04264,20
477,0,-0.54523,-0.74717,0.54523,20
478,0,-1.0048,-0.80926,1.0048,20
479,0,-1.303,-0.80926,1.303,20
480,0,-1.4789,-0.80926,1.4789,20
481,0,-1.4957,-0.80926,1.4957,20
482,0,-1.2242,-0.80926,1.2242,20
483,0,-0.69633,-0.55585,0.69633,20
484,0,-0.10119,-0.31217,0.10119,20
485,0,0.44103,0.11038,-0.44103,20
486,0,0.8681,0.4552,-0.8681,20
487,0,1.0972,0.68828,-1.0972,20
488,0,1.1198,0.80248,-1.1198,20
489,0,1.0114,0.63888,-1.0114,20
490,0,0.80833,0.55092,-0.80833,20
491,0,0.51481,0.067632,-0.51481,20
492,0,0.20772,-0.42952,-0.20772,20
493,0,-0.15765,-0.67633,0.15765,20
494,0,-0.59157,-0.78794,0.59157,20
495,0,-0.96818,-0.79025,0.96818,20
496,0,-1.2653,-0.77617,1.2653,20
497,0,-1.4432,-0.76209,1.4432,20
498,0,-1.4065,-0.74802,1.4065,20
499,0,-1.1068,-0.73394,1.1068,20
500,0,-0.57101,-0.71986,0.57101,20
501,0,0.055247,-0.40181,-0.055247,20
502,0,0.63544,0.081182,-0.63544,20
503,0,1.0566,0.50947,-1.0566,20
504,0,1.279,1.043,-1.279,20
505,0,1.2681,1.1502,-1.2681,20
506,0,1.098,0.93873,-1.098,20
507,0,0.87344,0.89229,-0.87344,20
508,0,0.61049,0.5264,-0.61049,20
509,0,0.28352,-0.25834,-0.28352,20
510,0,-0.11201,-0.65354,0.11201,20
511,0,-0.58774,-0.65478,0.58774,20
512,0,-0.99424,-0.73879,0.99424,20
513,0,-1.2348,-0.80113,1.2348,20
514,0,-1.3298,-0.80926,1.3298,20
515,0,-1.2058,-0.80926,1.2058,20
516,0,-0.83231,-0.66685,0.83231,20
517,0,-0.22525,-0.17469,0.22525,20
518,0,0.40005,0.21978,-0.40005,20
519,0,0.94556,0.63297,-0.94556,20
520,0,1.3866,1.1946,-1.3866,20
521,0,1.5855,1.3559,-1.5855,20
522,0,1.6094,1.6369,-1.6094,20
523,0,1.4882,1.9805,-1.4882,20
524,0,1.2244,1.9805,-1.2244,20
525,0,0.93925,1.8089,-0.93925,20
526,0,0.56863,1.2881,-0.56863,20
527,0,0.09747,0.4892,-0.09747,20
528,0,-0.38877,-0.1527,0.38877,20
529,0,-0.78722,-0.56423,0.78722,20
530,0,-1.0824,-0.7761,1.0824,20
531,0,-1.2292,-0.79374,1.2292,20
532,0,-1.1265,-0.78224,1.1265,20
533,0,-0.76487,-0.48243,0.76487,20
534,0,-0.23869,-0.053898,0.23869,20
535,0,0.26542,0.17789,-0.26542,20
536,0,0.71744,0.52856,-0.71744,20
537,0,1.0265,0.78844,-1.0265,20
538,0,1.1764,0.91225,-1.1764,20
539,0,1.1884,1.0681,-1.1884,20
540,0,1.0123,0.99023,-1.0123,20
541,0,0.75307,0.95746,-0.75307,20
542,0,0.4205,0.43549,-0.4205,20
543,0,0.012805,-0.45828,-0.012805,20
544,0,-0.40617,-0.77456,0.40617,20
545,0,-0.82513,-0.79881,0.82513,20
546,0,-1.2441,-0.79106,1.2441,20
547,0,-1.499,-0.78332,1.499,20
548,0,-1.5608,-0.77558,1.5608,20
549,0,-1.4166,-0.76783,1.4166,20
550,0,-0.94749,-0.76009,0.94749,20
551,0,-0.30998,-0.44777,0.30998,20
552,0,0.29448,0.069973,-0.29448,20
553,0,0.83588,0.60402,-0.83588,20
554,0,1.2163,1.0221,-1.2163,20
555,0,1.323,1.1634,-1.323,20
556,0,1.2905,1.3381,-1.2905,20
557,0,1.1409,1.2742,-1.1409,20
558,0,0.87346,0.9553,-0.87346,20
559,0,0.58829,0.7197,-0.58829,20
560,0,0.24253,0.45822,-0.24253,20
561,0,-0.23511,-0.17284,0.23511,20
562,0,-0.72483,-0.72341,0.72483,20
563,0,-1.143,-0.79013,1.143,20
564,0,-1.4835,-0.77597,1.4835,20
565,0,-1.6541,-0.7618,1.6541,20
566,0,-1.6149,-0.74763,1.6149,20
567,0,-1.3183,-0.73347,1.3183,20
568,0,-0.8452,-0.7193,0.8452,20
569,0,-0.34799,-0.70513,0.34799,20
570,0,0.087061,-0.62997,-0.087061,20
571,0,0.39305,-0.37205,-0.39305,20
572,0,0.52905,-0.22409,-0.52905,20
573,0,0.47404,-0.35221,-0.47404,20
574,0,0.31848,-0.52468,-0.31848,20
575,0,0.1503,-0.69715,-0.1503,20
576,0,-0.04894,-0.79633,0.04894,20
577,0,-0.33913,-0.80926,0.33913,20
578,0,-0.69878,-0.80926,0.69878,20
579,0,-1.068,-0.80926,1.068,20
580,0,-1.3386,-0.80926,1.3386,20
581,0,-1.4931,-0.80926,1.4931,20
582,0,-1.4834,-0.80926,1.4834,20
583,0,-1.2403,-0.80926,1.2403,20
584,0,-0.74622,-0.67732,0.74622,20
585,0,-0.060455,-0.24984,0.060455,20
586,0,0.55922,0.093749,-0.55922,20
587,0,0.99465,-0.042503,-0.99465,20
588,0,1.3259,0.32917,-1.3259,20
589,0,1.5274,1.1377,-1.5274,20
590,0,1.4753,1.3474,-1.4753,20
591,0,1.2655,1.1038,-1.2655,20
592,0,1.0119,0.81961,-1.0119,20
593,0,0.67028,0.45391,-0.67028,20
594,0,0.25323,-0.1498,-0.25323,20
595,0,-0.18851,-0.57088,0.18851,20
596,0,-0.64669,-0.73079,0.64669,20
597,0,-1.0328,-0.80021,1.0328,20
598,0,-1.2565,-0.80926,1.2565,20
599,0,-1.3793,-0.80926,1.3793,20
600,0,-1.2886,-0.80926,1.2886,20
601,0,-0.88976,-0.50978,0.88976,20
602,0,-0.37057,-0.33965,0.37057,20
603,0,0.11708,-0.31162,-0.11708,20
604,0,0.55264,0.06874,-0.55264,20
605,0,0.91979,0.44454,-0.91979,20
606,0,1.1084,0.7378,-1.1084,20
607,0,1.0655,0.59145,-1.0655,20
608,0,0.89209,0.28593,-0.89209,20
609,0,0.70198,0.30909,-0.70198,20
610,0,0.40155,-0.076258,-0.40155,20
611,0,-0.028657,-0.59298,0.028657,20
612,0,-0.47834,-0.69775,0.47834,20
613,0,-0.85111,-0.7283,0.85111,20
614,0,-1.1334,-0.75885,1.1334,20
615,0,-1.3019,-0.7894,1.3019,20
616,0,-1.2453,-0.80697,1.2453,20
617,0,-0.9749,-0.80926,0.9749,20
618,0,-0.47751,-0.59983,0.47751,20
619,0,0.12436,-0.29899,-0.12436,20
620,0,0.68262,0.27743,-0.68262,20
621,0,1.1518,0.83796,-1.1518,20
622,0,1.4298,1.0356,-1.4298,20
623,0,1.5227,1.4496,-1.5227,20
624,0,1.427,1.5568,-1.427,20
625,0,1.197,1.3394,-1.197,20
626,0,0.94839,1.2056,-0.94839,20
627,0,0.62831,0.80568,-0.62831,20
628,0,0.17288,0.0029552,-0.17288,20
629,0,-0.29257,-0.5917,0.29257,20
630,0,-0.69303,-0.69469,0.69303,20
631,0,-0.99149,-0.71933,0.99149,20
632,0,-1.1271,-0.74397,1.1271,20
633,0,-1.1156,-0.76861,1.1156,20
634,0,-0.9568,-0.79325,0.9568,20
635,0,-0.56608,-0.51421,0.56608,20
636,0,-0.073073,-0.29049,0.073073,20
637,0,0.34755,-0.096462,-0.34755,20
638,0,0.64149,-0.040409,-0.64149,20
639,0,0.80381,0.035601,-0.80381,20
640,0,0.79489,0.19965,-0.79489,20
641,0,0.60775,-0.12406,-0.60775,20
642,0,0.32163,-0.53634,-0.32163,20
643,0,-0.08329,-0.77358,0.08329,20
644,0,-0.54072,-0.80489,0.54072,20
645,0,-1.0041,-0.8053,1.0041,20
646,0,-1.4675,-0.80571,1.4675,20
647,0,-1.8831,-0.80612,1.8831,20
648,0,-2.1819,-0.80653,2.1819,20
649,0,-2.3124,-0.80694,2.3124,20
650,0,-2.2535,-0.80735,2.2535,20
651,0,-1.956,-0.80776,1.956,20
652,0,-1.4257,-0.80817,1.4257,20
653,0,-0.86549,-0.80858,0.86549,20
654,0,-0.37138,-0.80899,0.37138,20
655,0,0.041272,-0.7108,-0.041272,20
656,0,0.2295,-0.64424,-0.2295,20
657,0,0.23813,-0.73399,-0.23813,20
658,0,0.16109,-0.80058,-0.16109,20
659,0,0.012755,-0.80926,-0.012755,20
660,0,-0.22319,-0.80926,0.22319,20
661,0,-0.54963,-0.80926,0.54963,20
662,0,-0.9176,-0.80926,0.9176,20
663,0,-1.3185,-0.80926,1.3185,20
664,0,-1.6217,-0.80926,1.6217,20
665,0,-1.8043,-0.80926,1.8043,20
666,0,-1.8523,-0.80926,1.8523,20
667,0,-1.642,-0.80926,1.642,20
668,0,-1.2103,-0.80926,1.2103,20
669,0,-0.68865,-0.80926,0.68865,20
670,0,-0.20099,-0.78832,0.20099,20
671,0,0.13436,-0.74274,-0.13436,20
672,0,0.34398,-0.71719,-0.34398,20
673,0,0.37977,-0.71958,-0.37977,20
674,0,0.23183,-0.72615,-0.23183,20
675,0,0.0013414,-0.73272,-0.0013414,20
676,0,-0.29386,-0.73929,0.29386,20
677,0,-0.59876,-0.74586,0.59876,20
678,0,-0.90367,-0.75243,0.90367,20
679,0,-1.2086,-0.759,1.2086,20
680,0,-1.4305,-0.76557,1.4305,20
681,0,-1.5548,-0.77214,1.5548,20
682,0,-1.6319,-0.77871,1.6319,20
683,0,-1.5354,-0.78528,1.5354,20
684,0,-1.1389,-0.79185,1.1389,20
685,0,-0.5595,-0.79842,0.5595,20
686,0,-0.023854,-0.80499,0.023854,20
687,0,0.43227,-0.64646,-0.43227,20
688,0,0.77625,-0.2937,-0.77625,20
689,0,0.9324,-0.18405,-0.9324,20
690,0,0.89849,-0.39471,-0.89849,20
691,0,0.74622,-0.52986,-0.74622,20
692,0,0.57805,-0.51963,-0.57805,20
693,0,0.29256,-0.63316,-0.29256,20
694,0,-0.13093,-0.78598,0.13093,20
695,0,-0.51686,-0.80926,0.51686,20
696,0,-0.83424,-0.80926,0.83424,20
697,0,-1.1413,-0.80926,1.1413,20
698,0,-1.3179,-0.80926,1.3179,20
699,0,-1.2664,-0.80926,1.2664,20
700,0,-0.98052,-0.80926,0.98052,20
701,0,-0.53619,-0.80926,0.53619,20
702,0,-0.030431,-0.80926,0.030431,20
703,0,0.42871,-0.72758,-0.42871,20
704,0,0.78517,-0.30478,-0.78517,20
705,0,0.98767,-0.035851,-0.98767,20
706,0,1.0284,0.1057,-1.0284,20
707,0,0.97025,0.2722,-0.97025,20
708,0,0.82436,0.12024,-0.82436,20
709,0,0.57443,-0.31852,-0.57443,20
710,0,0.21757,-0.71109,-0.21757,20
711,0,-0.15533,-0.77239,0.15533,20
712,0,-0.52824,-0.77794,0.52824,20
713,0,-0.84754,-0.78348,0.84754,20
714,0,-1.1038,-0.78903,1.1038,20
715,0,-1.2037,-0.79457,1.2037,20
716,0,-1.033,-0.80011,1.033,20
717,0,-0.63737,-0.80566,0.63737,20
718,0,-0.079115,-0.61826,0.079115,20
719,0,0.43693,-0.35677,-0.43693,20
720,0,0.82958,-0.073548,-0.82958,20
721,0,1.1232,0.3798,-1.1232,20
722,0,1.1978,0.63026,-1.1978,20
723,0,1.0404,0.23653,-1.0404,20
724,0,0.77858,-0.17358,-0.77858,20
725,0,0.50439,-0.30811,-0.50439,20
726,0,0.13075,-0.59786,-0.13075,20
727,0,-0.35988,-0.78487,0.35988,20
728,0,-0.86805,-0.80926,0.86805,20
729,0,-1.2815,-0.80926,1.2815,20
730,0,-1.5833,-0.80926,1.5833,20
731,0,-1.8079,-0.80926,1.8079,20
732,0,-1.854,-0.80926,1.854,20
733,0,-1.6607,-0.80926,1.6607,20
734,0,-1.2625,-0.80926,1.2625,20
735,0,-0.84877,-0.80926,0.84877,20
736,0,-0.42349,-0.80926,0.42349,20
737,0,-0.028381,-0.66057,0.028381,20
738,0,0.13256,-0.63433,-0.13256,20
739,0,0.069095,-0.78302,-0.069095,20
740,0,-0.10844,-0.80926,0.10844,20
741,0,-0.3703,-0.80926,0.3703,20
742,0,-0.71442,-0.80926,0.71442,20
743,0,-1.1152,-0.80926,1.1152,20
744,0,-1.568,-0.80926,1.568,20
745,0,-1.9867,-0.80926,1.9867,20
746,0,-2.3047,-0.80926,2.3047,20
747,0,-2.4852,-0.80926,2.4852,20
748,0,-2.495,-0.80926,2.495,20
749,0,-2.2642,-0.80926,2.2642,20
750,0,-1.781,-0.80926,1.781,20
751,0,-1.1808,-0.80926,1.1808,20
752,0,-0.56662,-0.80926,0.56662,20
753,0,-0.017687,-0.76423,0.017687,20
754,0,0.35193,-0.66623,-0.35193,20
755,0,0.48061,-0.69537,-0.48061,20
756,0,0.46325,-0.73473,-0.46325,20
757,0,0.4267,-0.51409,-0.4267,20
758,0,0.31245,-0.53281,-0.31245,20
759,0,0.039992,-0.76453,-0.039992,20
760,0,-0.32478,-0.79396,0.32478,20
761,0,-0.70135,-0.78263,0.70135,20
762,0,-1.0018,-0.77129,1.0018,20
763,0,-1.2126,-0.75996,1.2126,20
764,0,-1.2586,-0.74863,1.2586,20
765,0,-1.1262,-0.73729,1.1262,20
766,0,-0.8064,-0.72596,0.8064,20
767,0,-0.24142,-0.71462,0.24142,20
768,0,0.34549,-0.70329,-0.34549,20
769,0,0.85727,-0.22137,-0.85727,20
770,0,1.2514,0.56078,-1.2514,20
771,0,1.429,0.7739,-1.429,20
772,0,1.4177,0.6767,-1.4177,20
773,0,1.2605,0.5646,-1.2605,20
774,0,1.024,0.46456,-1.024,20
775,0,0.6968,0.2941,-0.6968,20
776,0,0.27503,-0.099172,-0.27503,20
777,0,-0.16094,-0.52953,0.16094,20
778,0,-0.59691,-0.77698,0.59691,20
779,0,-0.99676,-0.80926,0.99676,20
780,0,-1.2655,-0.80926,1.2655,20
781,0,-1.3771,-0.80926,1.3771,20
782,0,-1.3017,-0.80926,1.3017,20
783,0,-0.95516,-0.76842,0.95516,20
784,0,-0.5021,-0.67954,0.5021,20
785,0,-0.099942,-0.4358,0.099942,20
786,0,0.29124,-0.15658,-0.29124,20
787,0,0.56279,-0.1888,-0.56279,20
788,0,0.62366,-0.45114,-0.62366,20
789,0,0.58116,-0.38098,-0.58116,20
790,0,0.45872,-0.27706,-0.45872,20
791,0,0.25678,-0.57224,-0.25678,20
792,0,0.0091151,-0.78191,-0.0091151,20
793,0,-0.27831,-0.80926,0.27831,20
794,0,-0.5717,-0.80926,0.5717,20
795,0,-0.86508,-0.80926,0.86508,20
796,0,-1.0944,-0.80926,1.0944,20
797,0,-1.2017,-0.80926,1.2017,20
798,0,-1.1402,-0.80926,1.1402,20
799,0,-0.807,-0.80926,0.807,20
800,0,-0.28749,-0.80926,0.28749,20
801,0,0.25725,-0.5014,-0.25725,20
802,0,0.75226,0.02205,-0.75226,20
803,0,1.1002,0.42736,-1.1002,20
804,0,1.2699,0.93245,-1.2699,20
805,0,1.2292,1.0094,-1.2292,20
806,0,1.038,0.66561,-1.038,20
807,0,0.82593,0.4961,-0.82593,20
808,0,0.51755,-0.096955,-0.51755,20
809,0,0.09583,-0.7176,-0.09583,20
810,0,-0.34288,-0.80926,0.34288,20
811,0,-0.83753,-0.80926,0.83753,20
812,0,-1.2838,-0.80926,1.2838,20
813,0,-1.6056,-0.80926,1.6056,20
814,0,-1.8396,-0.80926,1.8396,20
815,0,-1.8403,-0.80926,1.8403,20
816,0,-1.5921,-0.80926,1.5921,20
817,0,-1.1298,-0.80926,1.1298,20
818,0,-0.58967,-0.80926,0.58967,20
819,0,-0.036606,-0.34014,0.036606,20
820,0,0.45667,0.044225,-0.45667,20
821,0,0.67822,-0.1078,-0.67822,20
822,0,0.73251,0.088452,-0.73251,20
823,0,0.62092,-0.031786,-0.62092,20
824,0,0.33932,-0.54298,-0.33932,20
825,0,0.032227,-0.73079,-0.032227,20
826,0,-0.33547,-0.80021,0.33547,20
827,0,-0.77446,-0.80926,0.77446,20
828,0,-1.2241,-0.80926,1.2241,20
829,0,-1.6179,-0.80926,1.6179,20
830,0,-1.8852,-0.80926,1.8852,20
831,0,-1.9828,-0.80926,1.9828,20
832,0,-1.8444,-0.80926,1.8444,20
833,0,-1.4265,-0.80926,1.4265,20
834,0,-0.84466,-0.80926,0.84466,20
835,0,-0.24143,-0.80926,0.24143,20
836,0,0.3012,-0.69826,-0.3012,20
837,0,0.69797,-0.31427,-0.69797,20
838,0,0.8751,-0.082419,-0.8751,20
839,0,0.8219,-0.22458,-0.8219,20
840,0,0.65958,-0.25698,-0.65958,20
841,0,0.43748,-0.45003,-0.43748,20
842,0,0.12325,-0.76048,-0.12325,20
843,0,-0.24307,-0.80926,0.24307,20
844,0,-0.61597,-0.80926,0.61597,20
845,0,-0.98888,-0.80926,0.98888,20
846,0,-1.2965,-0.80926,1.2965,20
847,0,-1.4761,-0.80926,1.4761,20
848,0,-1.514,-0.80926,1.514,20
849,0,-1.3346,-0.80926,1.3346,20
850,0,-0.91567,-0.80926,0.91567,20
851,0,-0.38126,-0.65428,0.38126,20
852,0,0.09255,-0.62693,-0.09255,20
853,0,0.47861,-0.66463,-0.47861,20
854,0,0.80024,-0.43672,-0.80024,20
855,0,0.9823,-0.16077,-0.9823,20
856,0,0.98441,-0.18639,-0.98441,20
857,0,0.88113,-0.21079,-0.88113,20
858,0,0.76414,-0.042319,-0.76414,20
859,0,0.60364,-0.014292,-0.60364,20
860,0,0.35001,-0.35289,-0.35001,20
861,0,0.039348,-0.74976,-0.039348,20
862,0,-0.27871,-0.80926,0.27871,20
863,0,-0.5152,-0.80926,0.5152,20
864,0,-0.65573,-0.80926,0.65573,20
865,0,-0.66766,-0.80926,0.66766,20
866,0,-0.48464,-0.80926,0.48464,20
867,0,-0.08898,-0.48046,0.08898,20
868,0,0.39781,-0.068497,-0.39781,20
869,0,0.83287,0.24423,-0.83287,20
870,0,1.257,0.73867,-1.257,20
871,0,1.622,1.5333,-1.622,20
872,0,1.7894,2.1503,-1.7894,20
873,0,1.7956,2.2383,-1.7956,20
874,0,1.7255,2.2399,-1.7255,20
875,0,1.5108,2.0294,-1.5108,20
876,0,1.1907,1.6822,-1.1907,20
877,0,0.78081,1.4306,-0.78081,20
878,0,0.28228,1.0294,-0.28228,20
879,0,-0.22954,0.076748,0.22954,20
880,0,-0.64037,-0.6873,0.64037,20
881,0,-0.86248,-0.76935,0.86248,20
882,0,-0.89127,-0.73978,0.89127,20
883,0,-0.68151,-0.62121,0.68151,20
884,0,-0.18769,-0.39792,0.18769,20
885,0,0.48025,0.45366,-0.48025,20
886,0,1.106,1.4856,-1.106,20
887,0,1.5943,1.8664,-1.5943,20
888,0,1.9066,2.2934,-1.9066,20
889,0,1.9564,2.7659,-1.9564,20
890,0,1.8224,2.8331,-1.8224,20
891,0,1.6168,2.847,-1.6168,20
892,0,1.3563,3.0213,-1.3563,20
893,0,1.006,2.6055,-1.006,20
894,0,0.60639,2.0451,-0.60639,20
895,0,0.16096,1.38,-0.16096,20
896,0,-0.37771,0.2661,0.37771,20
897,0,-0.80651,-0.17629,0.80651,20
898,0,-1.0882,-0.37574,1.0882,20
899,0,-1.3477,-0.68545,1.3477,20
900,0,-1.4504,-0.76048,1.4504,20
901,0,-1.2658,-0.79004,1.2658,20
902,0,-0.88634,-0.62484,0.88634,20
903,0,-0.43392,-0.2305,0.43392,20
904,0,0.026729,-0.059381,-0.026729,20
905,0,0.43144,0.078842,-0.43144,20
906,0,0.63751,0.24651,-0.63751,20
907,0,0.67741,0.41689,-0.67741,20
908,0,0.54935,0.0067741,-0.54935,20
909,0,0.2513,-0.69839,-0.2513,20
910,0,-0.0093191,-0.69617,0.0093191,20
911,0,-0.2565,-0.61967,0.2565,20
912,0,-0.68507,-0.72278,0.68507,20
913,0,-1.1597,-0.79483,1.1597,20
914,0,-1.448,-0.79512,1.448,20
915,0,-1.6215,-0.78465,1.6215,20
916,0,-1.7315,-0.77418,1.7315,20
917,0,-1.6722,-0.76371,1.6722,20
918,0,-1.342,-0.75324,1.342,20
919,0,-0.7656,-0.74277,0.7656,20
920,0,-0.080194,-0.7323,0.080194,20
921,0,0.61809,-0.085422,-0.61809,20
922,0,1.2014,0.80334,-1.2014,20
923,0,1.5748,1.3338,-1.5748,20
924,0,1.7797,1.9227,-1.7797,20
925,0,1.7928,2.2499,-1.7928,20
926,0,1.6692,2.2434,-1.6692,20
927,0,1.4815,2.0265,-1.4815,20
928,0,1.2409,1.6211,-1.2409,20
929,0,0.99227,1.6859,-0.99227,20
930,0,0.66054,1.691,-0.66054,20
931,0,0.23101,1.024,-0.23101,20
932,0,-0.1456,0.3665,0.1456,20
933,0,-0.39608,-0.14562,0.39608,20
934,0,-0.50521,-0.42964,0.50521,20
935,0,-0.45777,-0.61338,0.45777,20
936,0,-0.20935,-0.72302,0.20935,20
937,0,0.23813,-0.27497,-0.23813,20
938,0,0.6826,0.35436,-0.6826,20
939,0,1.0374,0.74212,-1.0374,20
940,0,1.2935,1.049,-1.2935,20
941,0,1.367,1.314,-1.367,20
942,0,1.327,1.6617,-1.327,20
943,0,1.2115,1.6764,-1.2115,20
944,0,1.0248,1.5395,-1.0248,20
945,0,0.7761,1.4276,-0.7761,20
946,0,0.46709,1.0161,-0.46709,20
947,0,0.088433,0.25199,-0.088433,20
948,0,-0.36152,-0.51766,0.36152,20
949,0,-0.7336,-0.78265,0.7336,20
950,0,-1.0015,-0.80926,1.0015,20
951,0,-1.0929,-0.80926,1.0929,20
952,0,-0.99519,-0.80926,0.99519,20
953,0,-0.68843,-0.648,0.68843,20
954,0,-0.16917,-0.29702,0.16917,20
955,0,0.38196,0.22064,-0.38196,20
956,0,0.93308,0.90091,-0.93308,20
957,0,1.3712,1.3878,-1.3712,20
958,0,1.5831,1.7294,-1.5831,20
959,0,1.6094,1.981,-1.6094,20
960,0,1.4742,2.0377,-1.4742,20
961,0,1.2359,1.9765,-1.2359,20
962,0,0.93241,1.675,-0.93241,20
963,0,0.56854,1.1945,-0.56854,20
964,0,0.13503,0.57106,-0.13503,20
965,0,-0.36976,-0.19157,0.36976,20
966,0,-0.81532,-0.64753,0.81532,20
967,0,-1.1273,-0.71815,1.1273,20
968,0,-1.3667,-0.73096,1.3667,20
969,0,-1.4852,-0.74377,1.4852,20
970,0,-1.3182,-0.75658,1.3182,20
971,0,-0.88679,-0.49169,0.88679,20
972,0,-0.3533,-0.1891,0.3533,20
973,0,0.19143,0.22039,-0.19143,20
974,0,0.65382,0.68052,-0.65382,20
975,0,0.93076,0.77969,-0.93076,20
976,0,1.0144,0.81418,-1.0144,20
977,0,0.99464,0.84868,-0.99464,20
978,0,0.85453,0.56275,-0.85453,20
979,0,0.58828,0.11084,-0.58828,20
980,0,0.30312,-0.14937,-0.30312,20
981,0,-0.049635,-0.37235,0.049635,20
982,0,-0.48191,-0.59534,0.48191,20
983,0,-0.99369,-0.72721,0.99369,20
984,0,-1.4778,-0.75191,1.4778,20
985,0,-1.7917,-0.76054,1.7917,20
986,0,-1.9417,-0.76916,1.9417,20
987,0,-1.928,-0.77778,1.928,20
988,0,-1.6799,-0.78641,1.6799,20
989,0,-1.1919,-0.79503,1.1919,20
990,0,-0.6146,-0.80366,0.6146,20
991,0,-0.08842,-0.64421,0.08842,20
992,0,0.36647,-0.28704,-0.36647,20
993,0,0.67781,-0.018542,-0.67781,20
994,0,0.76993,0.11075,-0.76993,20
995,0,0.76458,0.08722,-0.76458,20
996,0,0.68754,-0.29468,-0.68754,20
997,0,0.5392,-0.59749,-0.5392,20
998,0,0.32656,-0.63611,-0.32656,20
999,0,0.050862,-0.73399,-0.050862,20
1000,0,-0.30888,-0.80058,0.30888,20
1001,0,-0.65847,-0.80926,0.65847,20
1002,0,-0.90608,-0.80926,0.90608,20
1003,0,-1.0525,-0.80926,1.0525,20
1004,0,-1.0396,-0.80926,1.0396,20
1005,0,-0.8241,-0.80926,0.8241,20
1006,0,-0.35824,-0.67418,0.35824,20
1007,0,0.24883,-0.38018,-0.24883,20
1008,0,0.86468,0.2717,-0.86468,20
1009,0,1.3763,0.86001,-1.3763,20
1010,0,1.7067,1.2738,-1.7067,20
1011,0,1.8452,1.7926,-1.8452,20
1012,0,1.815,2.1629,-1.815,20
1013,0,1.6437,2.061,-1.6437,20
1014,0,1.3818,2.0403,-1.3818,20
1015,0,1.1076,2.3074,-1.1076,20
1016,0,0.78681,2.1407,-0.78681,20
1017,0,0.33192,1.4936,-0.33192,20
1018,0,-0.16382,0.51901,0.16382,20
1019,0,-0.54167,-0.35024,0.54167,20
1020,0,-0.78392,-0.75937,0.78392,20
1021,0,-0.95242,-0.80926,0.95242,20
1022,0,-0.95063,-0.80926,0.95063,20
1023,0,-0.66061,-0.80926,0.66061,20
1024,0,-0.22567,-0.64172,0.22567,20
1025,0,0.22675,-0.27706,-0.22675,20
1026,0,0.67917,0.11716,-0.67917,20
1027,0,1.0139,0.41504,-1.0139,20
1028,0,1.2102,0.87603,-1.2102,20
1029,0,1.2808,1.2511,-1.2808,20
1030,0,1.228,1.2113,-1.228,20
1031,0,1.0922,1.1019,-1.0922,20
1032,0,0.88058,0.99247,-0.88058,20
1033,0,0.65757,0.88307,-0.65757,20
1034,0,0.36152,0.50603,-0.36152,20
1035,0,-0.020431,-0.1859,0.020431,20
1036,0,-0.35933,-0.62223,0.35933,20
1037,0,-0.63243,-0.70228,0.63243,20
1038,0,-0.8304,-0.72889,0.8304,20
1039,0,-0.87235,-0.7555,0.87235,20
1040,0,-0.65574,-0.78211,0.65574,20
1041,0,-0.24417,-0.61381,0.24417,20
1042,0,0.25048,-0.21621,-0.25048,20
1043,0,0.81093,0.21579,-0.81093,20
1044,0,1.3346,0.92912,-1.3346,20
1045,0,1.715,1.7954,-1.715,20
1046,0,1.8826,2.2087,-1.8826,20
1047,0,1.9168,2.4907,-1.9168,20
1048,0,1.8423,2.8867,-1.8423,20
1049,0,1.6609,3.1818,-1.6609,20
1050,0,1.375,2.9998,-1.375,20
1051,0,0.98477,2.4139,-0.98477,20
1052,0,0.53234,1.7258,-0.53234,20
1053,0,0.025081,0.85274,-0.025081,20
1054,0,-0.43913,0.10453,0.43913,20
1055,0,-0.76377,-0.46013,0.76377,20
1056,0,-0.91156,-0.65379,0.91156,20
1057,0,-0.95763,-0.67375,0.95763,20
1058,0,-0.82739,-0.67584,0.82739,20
1059,0,-0.45859,-0.31599,0.45859,20
1060,0,-0.0061728,0.1057,0.0061728,20
1061,0,0.4102,0.23382,-0.4102,20
1062,0,0.77447,0.47355,-0.77447,20
1063,0,0.99342,0.68138,-0.99342,20
1064,0,0.96668,0.49733,-0.96668,20
1065,0,0.81696,0.38633,-0.81696,20
1066,0,0.65245,0.59958,-0.65245,20
1067,0,0.39238,0.27718,-0.39238,20
1068,0,0.019884,-0.49881,-0.019884,20
1069,0,-0.40132,-0.78154,0.40132,20
1070,0,-0.86001,-0.80926,0.86001,20
1071,0,-1.3243,-0.80926,1.3243,20
1072,0,-1.6659,-0.80926,1.6659,20
1073,0,-1.8164,-0.80926,1.8164,20
1074,0,-1.8019,-0.80926,1.8019,20
1075,0,-1.5864,-0.80926,1.5864,20
1076,0,-1.1205,-0.63125,1.1205,20
1077,0,-0.48547,-0.54119,0.48547,20
1078,0,0.1726,-0.40728,-0.1726,20
1079,0,0.83068,0.34543,-0.83068,20
1080,0,1.3582,1.065,-1.3582,20
1081,0,1.6367,1.5462,-1.6367,20
1082,0,1.7797,2.1614,-1.7797,20
1083,0,1.8056,2.5996,-1.8056,20
1084,0,1.6623,2.463,-1.6623,20
1085,0,1.441,2.3047,-1.441,20
1086,0,1.1482,2.1614,-1.1482,20
1087,0,0.78198,1.7211,-0.78198,20
1088,0,0.40468,1.4797,-0.40468,20
1089,0,0.02739,1.2449,-0.02739,20
1090,0,-0.3499,0.31648,0.3499,20
1091,0,-0.64142,-0.59071,0.64142,20
1092,0,-0.71085,-0.6958,0.71085,20
1093,0,-0.52001,-0.69099,0.52001,20
1094,0,-0.084596,-0.44526,0.084596,20
1095,0,0.48958,0.24873,-0.48958,20
1096,0,1.0818,1.0142,-1.0818,20
1097,0,1.6042,1.759,-1.6042,20
1098,0,1.937,2.4796,-1.937,20
1099,0,2.0266,2.8416,-2.0266,20
1100,0,1.9738,2.9536,-1.9738,20
1101,0,1.807,3.2,-1.807,20
1102,0,1.5277,3.2089,-1.5277,20
1103,0,1.2316,2.9037,-1.2316,20
1104,0,0.89813,2.655,-0.89813,20
1105,0,0.47888,2.2707,-0.47888,20
1106,0,0.0036928,1.4582,-0.0036928,20
1107,0,-0.4416,0.43142,0.4416,20
1108,0,-0.73347,-0.077182,0.73347,20
1109,0,-0.8899,-0.37574,0.8899,20
1110,0,-0.86619,-0.60809,0.86619,20
1111,0,-0.53674,-0.095107,0.53674,20
1112,0,-0.041811,0.38461,0.041811,20
1113,0,0.47368,0.41036,-0.47368,20
1114,0,0.98916,0.93073,-0.98916,20
1115,0,1.4207,1.7066,-1.4207,20
1116,0,1.679,2.2543,-1.679,20
1117,0,1.7299,2.4407,-1.7299,20
1118,0,1.6442,2.5315,-1.6442,20
1119,0,1.4561,2.4959,-1.4561,20
1120,0,1.1693,2.2005,-1.1693,20
1121,0,0.81058,1.8692,-0.81058,20
1122,0,0.38469,1.3946,-0.38469,20
1123,0,-0.051275,0.91533,0.051275,20
1124,0,-0.48724,0.035601,0.48724,20
1125,0,-0.80551,-0.65157,0.80551,20
1126,0,-0.98532,-0.76861,0.98532,20
1127,0,-1.0488,-0.79325,1.0488,20
1128,0,-0.80873,-0.67338,0.80873,20
1129,0,-0.32697,-0.65157,0.32697,20
1130,0,0.27242,-0.24109,-0.27242,20
1131,0,0.87961,0.73294,-0.87961,20
1132,0,1.3947,1.6062,-1.3947,20
1133,0,1.7236,2.0097,-1.7236,20
1134,0,1.7591,2.1069,-1.7591,20
1135,0,1.6549,2.1363,-1.6549,20
1136,0,1.4737,2.0625,-1.4737,20
1137,0,1.2211,1.8687,-1.2211,20
1138,0,0.95789,1.9186,-0.95789,20
1139,0,0.59057,1.6964,-0.59057,20
1140,0,0.10077,0.76559,-0.10077,20
1141,0,-0.40741,-0.11383,0.40741,20
1142,0,-0.81148,-0.47695,0.81148,20
1143,0,-1.0931,-0.57926,1.0931,20
1144,0,-1.2444,-0.77637,1.2444,20
1145,0,-1.1756,-0.80926,1.1756,20
1146,0,-0.87098,-0.60611,0.87098,20
1147,0,-0.41911,-0.25089,0.41911,20
1148,0,0.05251,0.037942,-0.05251,20
1149,0,0.52413,0.31143,-0.52413,20
1150,0,0.9165,0.58492,-0.9165,20
1151,0,1.1364,0.95161,-1.1364,20
1152,0,1.1768,1.1787,-1.1768,20
1153,0,1.1183,1.3636,-1.1183,20
1154,0,0.94214,1.0622,-0.94214,20
1155,0,0.70317,0.55178,-0.70317,20
1156,0,0.40512,0.053094,-0.40512,20
1157,0,-0.013854,-0.55591,0.013854,20
1158,0,-0.45257,-0.7404,0.45257,20
1159,0,-0.83301,-0.79461,0.83301,20
1160,0,-1.1449,-0.78797,1.1449,20
1161,0,-1.3463,-0.7722,1.3463,20
1162,0,-1.3599,-0.75643,1.3599,20
1163,0,-1.1337,-0.74067,1.1337,20
1164,0,-0.67,-0.68343,0.67,20
1165,0,-0.080069,-0.35681,0.080069,20
1166,0,0.5562,0.23665,-0.5562,20
1167,0,1.1349,0.86905,-1.1349,20
1168,0,1.565,1.6536,-1.565,20
1169,0,1.7936,2.1335,-1.7936,20
1170,0,1.8372,2.3265,-1.8372,20
1171,0,1.7162,2.3683,-1.7162,20
1172,0,1.4846,2.1653,-1.4846,20
1173,0,1.1703,2.064,-1.1703,20
1174,0,0.77638,1.7909,-0.77638,20
1175,0,0.35425,1.2866,-0.35425,20
1176,0,-0.087064,0.74746,0.087064,20
1177,0,-0.44036,0.20837,0.44036,20
1178,0,-0.68672,-0.33073,0.68672,20
1179,0,-0.8378,-0.69516,0.8378,20
1180,0,-0.75582,-0.7096,0.75582,20
1181,0,-0.4021,-0.5232,0.4021,20
1182,0,0.1419,-0.06628,-0.1419,20
1183,0,0.70057,0.67892,-0.70057,20
1184,0,1.1896,1.3459,-1.1896,20
1185,0,1.5012,1.4008,-1.5012,20
1186,0,1.6182,1.5338,-1.6182,20
1187,0,1.6406,2.1449,-1.6406,20
1188,0,1.4885,2.3287,-1.4885,20
1189,0,1.2096,2.1223,-1.2096,20
1190,0,0.91348,1.8627,-0.91348,20
1191,0,0.59405,1.4706,-0.59405,20
1192,0,0.16795,0.55166,-0.16795,20
1193,0,-0.25294,-0.068621,0.25294,20
1194,0,-0.56716,-0.35874,0.56716,20
1195,0,-0.8633,-0.74717,0.8633,20
1196,0,-1.1082,-0.80926,1.1082,20
1197,0,-1.0829,-0.80926,1.0829,20
1198,0,-0.7273,-0.64172,0.7273,20
1199,0,-0.21428,-0.12209,0.21428,20
1200,0,0.35029,0.37278,-0.35029,20
1201,0,0.86001,0.61658,-0.86001,20
1202,0,1.2984,1.116,-1.2984,20
1203,0,1.619,1.6438,-1.619,20
1204,0,1.7225,1.8459,-1.7225,20
1205,0,1.7001,2.2353,-1.7001,20
1206,0,1.5678,2.608,-1.5678,20
1207,0,1.3248,2.4634,-1.3248,20
1208,0,1.0652,2.2293,-1.0652,20
1209,0,0.72484,1.8057,-0.72484,20
1210,0,0.28942,0.95598,-0.28942,20
1211,0,-0.16027,0.17413,0.16027,20
1212,0,-0.51672,-0.12172,0.51672,20
1213,0,-0.76349,-0.39681,0.76349,20
1214,0,-0.88194,-0.75382,0.88194,20
1215,0,-0.74759,-0.46999,0.74759,20
1216,0,-0.38565,-0.22372,0.38565,20
1217,0,0.10708,-0.10357,-0.10708,20
1218,0,0.64972,0.39212,-0.64972,20
1219,0,1.1468,0.95717,-1.1468,20
1220,0,1.5044,1.3973,-1.5044,20
1221,0,1.6897,1.6903,-1.6897,20
1222,0,1.7322,2.087,-1.7322,20
1223,0,1.6376,2.0535,-1.6376,20
1224,0,1.4525,2.4156,-1.4525,20
1225,0,1.1774,2.7568,-1.1774,20
1226,0,0.81094,1.9214,-0.81094,20
1227,0,0.43072,1.4765,-0.43072,20
1228,0,0.0023372,0.90399,-0.0023372,20
1229,0,-0.40814,-0.21424,0.40814,20
1230,0,-0.64148,-0.65083,0.64148,20
1231,0,-0.7465,-0.64357,0.7465,20
1232,0,-0.72237,-0.56102,0.72237,20
1233,0,-0.50603,-0.5083,0.50603,20
1234,0,-0.11787,-0.54526,0.11787,20
1235,0,0.37605,-0.25668,-0.37605,20
1236,0,0.88422,0.32129,-0.88422,20
1237,0,1.3582,1.1062,-1.3582,20
1238,0,1.6568,1.7006,-1.6568,20
1239,0,1.7064,1.8698,-1.7064,20
1240,0,1.6335,2.108,-1.6335,20
1241,0,1.4479,2.0406,-1.4479,20
1242,0,1.2217,2.0071,-1.2217,20
1243,0,0.98902,2.0537,-0.98902,20
1244,0,0.67905,1.6163,-0.67905,20
1245,0,0.31354,1.2245,-0.31354,20
1246,0,-0.10131,0.61215,0.10131,20
1247,0,-0.45132,0.14734,0.45132,20
1248,0,-0.71633,-0.24614,0.71633,20
1249,0,-0.86138,-0.69789,0.86138,20
1250,0,-0.7591,-0.69617,0.7591,20
1251,0,-0.44872,-0.71921,0.44872,20
1252,0,-0.013938,-0.60821,0.013938,20
1253,0,0.48573,0.059624,-0.48573,20
1254,0,0.99391,0.85028,-0.99391,20
1255,0,1.3747,1.2042,-1.3747,20
1256,0,1.517,1.2791,-1.517,20
1257,0,1.5326,1.4735,-1.5326,20
1258,0,1.4767,1.9759,-1.4767,20
1259,0,1.2431,1.7718,-1.2431,20
1260,0,0.92857,1.2143,-0.92857,20
1261,0,0.5817,0.90707,-0.5817,20
1262,0,0.14683,0.15867,-0.14683,20
1263,0,-0.30285,-0.27867,0.30285,20
1264,0,-0.71291,-0.48452,0.71291,20
1265,0,-1.0763,-0.74081,1.0763,20
1266,0,-1.3093,-0.73387,1.3093,20
1267,0,-1.271,-0.67802,1.271,20
1268,0,-1.0629,-0.71711,1.0629,20
1269,0,-0.68964,-0.62077,0.68964,20
1270,0,-0.1482,-0.25045,0.1482,20
1271,0,0.41847,0.16348,-0.41847,20
1272,0,0.88414,0.51981,-0.88414,20
1273,0,1.1518,0.80839,-1.1518,20
1274,0,1.3083,1.1989,-1.3083,20
1275,0,1.3297,1.4468,-1.3297,20
1276,0,1.2085,1.3917,-1.2085,20
1277,0,1.0659,1.4223,-1.0659,20
1278,0,0.92335,1.6105,-0.92335,20
1279,0,0.67512,1.1983,-0.67512,20
1280,0,0.30258,0.54612,-0.30258,20
1281,0,-0.088612,-0.087099,0.088612,20
1282,0,-0.39045,-0.68011,0.39045,20
1283,0,-0.58719,-0.78216,0.58719,20
1284,0,-0.64463,-0.79858,0.64463,20
1285,0,-0.44954,-0.56719,0.44954,20
1286,0,-0.024172,-0.044229,0.024172,20
1287,0,0.517,0.2879,-0.517,20
1288,0,1.0727,0.78807,-1.0727,20
1289,0,1.5554,1.6163,-1.5554,20
1290,0,1.8822,2.5399,-1.8822,20
1291,0,1.9671,2.8576,-1.9671,20
1292,0,1.8669,2.623,-1.8669,20
1293,0,1.6793,2.6766,-1.6793,20
1294,0,1.4196,2.7949,-1.4196,20
1295,0,1.1491,2.8901,-1.1491,20
1296,0,0.79621,2.5596,-0.79621,20
1297,0,0.34644,1.7561,-0.34644,20
1298,0,-0.11785,0.88227,0.11785,20
1299,0,-0.4897,0.14106,0.4897,20
1300,0,-0.7528,-0.44411,0.7528,20
1301,0,-0.86439,-0.52838,0.86439,20
1302,0,-0.81696,-0.52838,0.81696,20
1303,0,-0.59418,-0.67498,0.59418,20
1304,0,-0.11859,-0.29037,0.11859,20
1305,0,0.41088,0.25328,-0.41088,20
1306,0,0.88222,0.64221,-0.88222,20
1307,0,1.2683,1.0285,-1.2683,20
1308,0,1.4524,1.4459,-1.4524,20
1309,0,1.489,1.8681,-1.489,20
1310,0,1.4169,2.1359,-1.4169,20
1311,0,1.2406,1.9375,-1.2406,20
1312,0,1.009,1.6489,-1.009,20
1313,0,0.67844,1.1823,-0.67844,20
1314,0,0.27913,0.47306,-0.27913,20
1315,0,-0.12942,-0.036836,0.12942,20
1316,0,-0.53797,-0.50497,0.53797,20
1317,0,-0.87077,-0.77415,0.87077,20
1318,0,-1.1145,-0.80926,1.1145,20
1319,0,-1.1723,-0.67816,1.1723,20
1320,0,-0.90608,-0.39282,0.90608,20
1321,0,-0.41321,-0.08434,0.41321,20
1322,0,0.1641,0.22414,-0.1641,20
1323,0,0.69728,0.53261,-0.69728,20
1324,0,1.1674,0.999,-1.1674,20
1325,0,1.5208,1.6512,-1.5208,20
1326,0,1.6223,1.8935,-1.6223,20
1327,0,1.5567,1.847,-1.5567,20
1328,0,1.4006,1.9895,-1.4006,20
1329,0,1.1641,2.0472,-1.1641,20
1330,0,0.91549,1.9583,-0.91549,20
1331,0,0.5923,1.5259,-0.5923,20
1332,0,0.18137,0.71538,-0.18137,20
1333,0,-0.24271,0.021928,0.24271,20
1334,0,-0.57747,-0.30577,0.57747,20
1335,0,-0.8071,-0.55967,0.8071,20
1336,0,-0.97668,-0.77748,0.97668,20
1337,0,-0.95433,-0.80926,0.95433,20
1338,0,-0.62759,-0.55795,0.62759,20
1339,0,-0.12079,-0.22877,0.12079,20
1340,0,0.40933,0.12307,-0.40933,20
1341,0,0.87263,0.42341,-0.87263,20
1342,0,1.2573,0.97594,-1.2573,20
1343,0,1.4718,1.4804,-1.4718,20
1344,0,1.4997,1.4803,-1.4997,20
1345,0,1.4391,1.5511,-1.4391,20
1346,0,1.2373,1.6497,-1.2373,20
1347,0,0.94254,1.4341,-0.94254,20
1348,0,0.63544,1.0919,-0.63544,20
1349,0,0.26309,0.61979,-0.26309,20
1350,0,-0.18603,-0.11802,0.18603,20
1351,0,-0.58608,-0.61634,0.58608,20
1352,0,-0.84027,-0.79041,0.84027,20
1353,0,-0.99601,-0.80926,0.99601,20
1354,0,-1.0034,-0.80926,1.0034,20
1355,0,-0.74457,-0.80926,0.74457,20
1356,0,-0.26116,-0.49093,0.26116,20
1357,0,0.32891,0.057407,-0.32891,20
1358,0,0.93213,0.80605,-0.93213,20
1359,0,1.4002,1.3647,-1.4002,20
1360,0,1.7092,1.8249,-1.7092,20
1361,0,1.9011,2.7489,-1.9011,20
1362,0,1.854,2.8676,-1.854,20
1363,0,1.6383,2.5132,-1.6383,20
1364,0,1.3998,2.6758,-1.3998,20
1365,0,1.1612,2.5488,-1.1612,20
1366,0,0.82828,1.9623,-0.82828,20
1367,0,0.38428,1.307,-0.38428,20
1368,0,-0.025092,0.95734,0.025092,20
1369,0,-0.37415,0.41036,0.37415,20
1370,0,-0.67219,-0.31187,0.67219,20
1371,0,-0.83697,-0.631,0.83697,20
1372,0,-0.81642,-0.77963,0.81642,20
1373,0,-0.52623,-0.36798,0.52623,20
1374,0,-0.031946,-0.14106,0.031946,20
1375,0,0.49086,0.10126,-0.49086,20
1376,0,0.93364,0.60007,-0.93364,20
1377,0,1.2823,0.98087,-1.2823,20
1378,0,1.5492,1.7206,-1.5492,20
1379,0,1.648,2.2021,-1.648,20
1380,0,1.5772,2.1588,-1.5772,20
1381,0,1.4276,2.1379,-1.4276,20
1382,0,1.194,2.1731,-1.194,20
1383,0,0.87263,1.8066,-0.87263,20
1384,0,0.51247,1.3408,-0.51247,20
1385,0,0.12216,0.76971,-0.12216,20
1386,0,-0.22607,0.18294,0.22607,20
1387,0,-0.44254,-0.013922,0.44254,20
1388,0,-0.56031,-0.25723,0.56031,20
1389,0,-0.55963,-0.42767,0.55963,20
1390,0,-0.32834,-0.26019,0.32834,20
1391,0,0.10507,0.068741,-0.10507,20
1392,0,0.62503,0.52086,-0.62503,20
1393,0,1.1551,1.182,-1.1551,20
1394,0,1.6138,2.0674,-1.6138,20
1395,0,1.8625,2.6671,-1.8625,20
1396,0,1.8689,2.7821,-1.8689,20
1397,0,1.7572,2.832,-1.7572,20
1398,0,1.5588,2.7989,-1.5588,20
1399,0,1.2754,2.5467,-1.2754,20
1400,0,0.97928,2.3621,-0.97928,20
1401,0,0.60391,1.8952,-0.60391,20
1402,0,0.13532,1.3146,-0.13532,20
1403,0,-0.34727,0.32116,0.34727,20
1404,0,-0.68535,-0.48354,0.68535,20
1405,0,-0.85343,-0.59737,0.85343,20
1406,0,-0.93542,-0.77748,0.93542,20
1407,0,-0.81093,-0.64381,0.81093,20
1408,0,-0.42582,-0.51828,0.42582,20
1409,0,0.090073,-0.37352,-0.090073,20
1410,0,0.62201,0.32233,-0.62201,20
1411,0,1.154,1.3941,-1.154,20
1412,0,1.5204,1.7706,-1.5204,20
1413,0,1.6246,1.7079,-1.6246,20
1414,0,1.6201,2.0275,-1.6201,20
1415,0,1.536,2.3415,-1.536,20
1416,0,1.3725,2.4366,-1.3725,20
1417,0,1.1271,2.1701,-1.1271,20
1418,0,0.79941,1.6419,-0.79941,20
1419,0,0.36152,0.88188,-0.36152,20
1420,0,-0.1216,0.33127,0.1216,20
1421,0,-0.53975,-0.18257,0.53975,20
1422,0,-0.85,-0.7059,0.85,20
1423,0,-1.0478,-0.793,1.0478,20
1424,0,-1.0727,-0.80285,1.0727,20
1425,0,-0.81587,-0.73732,0.81587,20
1426,0,-0.35577,-0.28988,0.35577,20
1427,0,0.1929,0.26031,-0.1929,20
1428,0,0.75225,0.71243,-0.75225,20
1429,0,1.223,1.0497,-1.223,20
1430,0,1.4778,1.4412,-1.4778,20
1431,0,1.5853,2.0401,-1.5853,20
1432,0,1.5611,2.1811,-1.5611,20
1433,0,1.4054,2.1956,-1.4054,20
1434,0,1.1763,2.3349,-1.1763,20
1435,0,0.88414,1.8881,-0.88414,20
1436,0,0.53591,1.3881,-0.53591,20
1437,0,0.13284,1.0507,-0.13284,20
1438,0,-0.22485,0.42612,0.22485,20
1439,0,-0.51947,-0.12929,0.51947,20
1440,0,-0.77199,-0.53811,0.77199,20
1441,0,-0.88358,-0.76891,0.88358,20
