Time,PV,SP,OP,Error,ts
1,-0.47375,-1.0239,0.031058,-0.49595,20
2,-0.43083,-1.0873,-0.21771,-0.64845,20
3,-0.64431,-1.1971,-0.42817,-0.42751,20
4,-0.41691,-1.3363,-0.80517,-0.9867,20
5,-0.33917,-1.5359,-1.1419,-1.3699,20
6,-0.40762,-1.7137,-1.6701,-1.4794,20
7,-0.42967,-1.9272,-2.2078,-1.7121,20
8,-1.6177,-2.0664,-2.3838,0.11406,20
9,-2.1526,-2.2876,-2.1369,0.73579,20
10,-2.1479,-2.3757,-1.9074,0.61652,20
11,-2.3022,-2.4175,-1.6796,0.82381,20
12,-2.2906,-2.4391,-1.4022,0.77687,20
13,-2.5099,-2.3463,-1.0807,1.2637,20
14,-2.5656,-2.1777,-0.69418,1.5707,20
15,-2.1618,-1.9612,-0.26554,1.164,20
16,-1.4959,-1.6766,-0.16028,0.40148,20
17,-1.1768,-1.4291,-0.064612,0.17665,20
18,-1.359,-1.2265,0.14585,0.73973,20
19,-1.1246,-1.0409,0.27789,0.5794,20
20,-0.87171,-0.92956,0.38508,0.29395,20
21,-0.50161,-0.87544,0.47689,-0.26133,20
22,-0.67331,-0.80119,0.39081,0.12189,20
23,-0.63619,-0.80273,0.38695,0.057381,20
24,-0.47608,-0.81201,0.34871,-0.22418,20
25,-0.4784,-0.8878,0.23006,-0.31607,20
26,-0.43199,-0.95432,0.096087,-0.47836,20
27,-0.3937,-1.1012,-0.12011,-0.72863,20
28,-0.76613,-1.3193,-0.40139,-0.37668,20
29,-0.55845,-1.5158,-0.7267,-0.97496,20
30,-0.25332,-1.7493,-1.2242,-1.7844,20
31,-0.28233,-1.938,-1.8117,-1.9741,20
32,-0.37746,-2.0478,-2.5101,-1.9525,20
33,-1.7569,-2.1128,-2.7818,0.29004,20
34,-2.4612,-2.1561,-2.4565,1.4221,20
35,-2.4565,-2.0602,-1.9934,1.5355,20
36,-2.6851,-1.9921,-1.4673,2.0067,20
37,-2.7593,-1.8792,-0.84149,2.2745,20
38,-1.7094,-1.6905,-0.28466,0.74364,20
39,-1.482,-1.5297,-0.14309,0.56375,20
40,-1.033,-1.4431,-0.12204,-0.083411,20
41,-1.2012,-1.2698,-0.087593,0.41909,20
42,-0.91463,-1.1415,-0.06081,0.098418,20
43,-1.1037,-1.0564,0.092284,0.52466,20
44,-1.084,-0.97905,0.21093,0.58919,20
45,-0.46332,-0.90482,0.24918,-0.363,20
46,-0.83458,-0.87388,0.18029,0.30177,20
47,-0.50393,-0.85841,0.12293,-0.23589,20
48,-0.54105,-0.90017,0.07509,-0.22612,20
49,-0.42503,-1.044,-0.14689,-0.60348,20
50,-0.42155,-1.1801,-0.32484,-0.7814,20
51,-0.50161,-1.3472,-0.6674,-0.85764,20
52,-0.37397,-1.5529,-1.0271,-1.3328,20
53,-0.37862,-1.7137,-1.5954,-1.5283,20
54,-0.32294,-1.8406,-2.0968,-1.7824,20
55,-0.77889,-1.9225,-2.6249,-1.1177,20
56,-2.1955,-2.0401,-2.5905,1.121,20
57,-2.2558,-2.0958,-2.29,1.1523,20
58,-2.4333,-2.0772,-1.8825,1.4749,20
59,-2.5215,-1.9999,-1.3926,1.7212,20
60,-2.5934,-1.8607,-0.79366,2.0184,20
61,-1.4182,-1.7292,-0.36887,0.20401,20
62,-1.4762,-1.5544,-0.25408,0.52269,20
63,-0.91,-1.3874,-0.2311,-0.22027,20
64,-1.1153,-1.2544,-0.18133,0.29393,20
65,-0.98425,-1.1399,-0.12204,0.21769,20
66,-0.96452,-1.0734,0.0272,0.26854,20
67,-0.82181,-1.0069,0.14585,0.1121,20
68,-0.64431,-0.91409,0.11907,-0.069709,20
69,-0.66171,-0.90792,-0.034027,-0.032584,20
70,-0.38907,-0.94966,-0.10291,-0.54481,20
71,-0.34846,-0.98215,-0.21198,-0.65431,20
72,-0.51205,-1.0997,-0.4129,-0.52722,20
73,-0.4726,-1.2157,-0.60424,-0.74034,20
74,-0.64199,-1.3827,-0.84149,-0.66605,20
75,-0.16399,-1.5204,-1.2721,-1.6456,20
76,-0.47724,-1.6844,-1.7504,-1.3249,20
77,-0.1199,-1.8158,-2.2384,-2.0933,20
78,-0.84387,-1.9535,-2.6728,-1.0473,20
79,-2.112,-2.0215,-2.4814,1.0037,20
80,-2.1456,-2.0555,-2.1485,1.0174,20
81,-2.3104,-2.0045,-1.7811,1.3595,20
82,-2.4821,-1.9195,-1.2893,1.7564,20
83,-2.2964,-1.8034,-0.83003,1.5902,20
84,-1.3648,-1.5745,-0.3287,0.30957,20
85,-1.4843,-1.3889,-0.22344,0.74558,20
86,-1.2708,-1.2668,-0.081862,0.54028,20
87,-0.97032,-1.1569,0.082695,0.17271,20
88,-0.91812,-1.061,0.090355,0.20595,20
89,-0.9622,-0.93731,0.14398,0.43666,20
90,-0.55845,-0.89708,0.18795,-0.19289,20
91,-0.62923,-0.85378,0.27596,-0.018882,20
92,-0.31249,-0.83367,0.29894,-0.52724,20
93,-0.34149,-0.83058,0.18222,-0.47445,20
94,-0.29161,-0.83677,0.032986,-0.56634,20
95,-0.39139,-0.83367,-0.070344,-0.39427,20
96,-0.5631,-0.95276,-0.27893,-0.25545,20
97,-0.45984,-1.1121,-0.47986,-0.63084,20
98,-0.54685,-1.3023,-0.74968,-0.7247,20
99,-0.29393,-1.5173,-1.1725,-1.4227,20
100,-0.33105,-1.7045,-1.6088,-1.5967,20
101,0.16319,-1.887,-2.2307,-2.6603,20
102,-1.3787,-2.0246,-2.7187,-0.23591,20
103,-2.0725,-2.1329,-2.4929,0.79643,20
104,-2.3811,-2.1576,-2.2231,1.2852,20
105,-2.5018,-2.1252,-1.8078,1.5296,20
106,-1.9658,-1.9581,-1.385,0.83747,20
107,-2.2558,-1.7926,-0.78026,1.5355,20
108,-0.97264,-1.556,-0.33636,-0.3278,20
109,-1.2824,-1.3271,-0.18899,0.4836,20
110,-1.5005,-1.1585,0.031058,1.0643,20
111,-0.84387,-0.98989,0.17649,0.17077,20
112,-0.99121,-0.83521,0.25304,0.6146,20
113,-0.84038,-0.7316,0.30468,0.4914,20
114,-0.2336,-0.69137,0.35444,-0.4803,20
115,-0.11177,-0.71766,0.23965,-0.71884,20
116,-0.31713,-0.6759,0.086553,-0.31998,20
117,-0.28,-0.68364,-0.095253,-0.39233,20
118,-0.15818,-0.69447,-0.27513,-0.61131,20
119,-0.14542,-0.73932,-0.45881,-0.68951,20
120,0.042533,-0.77025,-0.68459,-1.0453,20
121,-0.13034,-0.88161,-0.9085,-0.89479,20
122,-0.28929,-1.0781,-1.3773,-0.87525,20
123,-0.24752,-1.3023,-1.6892,-1.2291,20
124,-0.79977,-1.5204,-2.0413,-0.57416,20
125,-1.0573,-1.7818,-2.091,-0.47051,20
126,-1.7987,-1.972,-1.9934,0.53834,20
127,-1.7801,-2.0741,-1.8844,0.37801,20
128,-1.8938,-2.0973,-1.7581,0.54031,20
129,-1.8358,-2.0401,-1.5706,0.51487,20
130,-1.75,-1.9334,-1.3524,0.5051,20
131,-1.9704,-1.8127,-1.0998,1.0291,20
132,-2.0864,-1.6488,-0.74009,1.4318,20
133,-2.0284,-1.4616,-0.39758,1.5707,20
134,-0.75453,-1.3271,-0.19665,-0.40601,20
135,-0.98192,-1.1678,-0.06081,0.17859,20
136,-1.0098,-0.97286,-0.0091172,0.47187,20
137,-0.81137,-0.85378,0.082695,0.28807,20
138,-0.7,-0.77334,0.21474,0.20206,20
139,-0.86706,-0.7517,0.37356,0.51096,20
140,-0.55381,-0.73004,0.22047,0.010443,20
141,-0.48651,-0.80429,0.07509,-0.19682,20
142,-0.22663,-0.85378,-0.081862,-0.69734,20
143,0.088941,-0.95895,-0.44349,-1.3621,20
144,-0.020123,-1.1368,-0.68845,-1.4032,20
145,-0.10018,-1.2435,-1.0673,-1.4031,20
146,-0.41111,-1.4183,-1.4806,-1.1001,20
147,-0.16863,-1.573,-2.0355,-1.7042,20
148,-0.79514,-1.655,-2.5216,-0.75208,20
149,-1.7894,-1.7601,-2.4317,0.79055,20
150,-1.6142,-1.8297,-2.1924,0.40734,20
151,-1.8973,-1.8916,-1.9131,0.8062,20
152,-1.9971,-1.8591,-1.5667,1.0154,20
153,-2.1294,-1.7771,-1.1381,1.3419,20
154,-2.0284,-1.6534,-0.64635,1.3282,20
155,-1.2244,-1.5142,-0.30957,0.14927,20
156,-1.1513,-1.3889,-0.21005,0.18445,20
157,-0.80441,-1.2559,-0.16221,-0.232,20
158,-1.1977,-1.1244,-0.041687,0.59699,20
159,-1.2557,-1.0239,0.121,0.82184,20
160,-0.79629,-0.93265,0.071232,0.16295,20
161,-0.41343,-0.81976,0.04252,-0.33954,20
162,-0.6211,-0.77799,0.031058,0.063214,20
163,-0.44011,-0.73932,0.0023456,-0.19291,20
164,-0.80441,-0.77334,0.017666,0.37801,20
165,-0.12453,-0.70994,-0.047418,-0.68757,20
166,-0.19183,-0.795,-0.072273,-0.68169,20
167,-0.25449,-0.86306,-0.19092,-0.66213,20
168,-0.33338,-1.0022,-0.25408,-0.70514,20
169,-0.60137,-1.1415,-0.46074,-0.42948,20
170,-0.3357,-1.3054,-0.66167,-1.0844,20
171,-0.18719,-1.4369,-0.97926,-1.5009,20
172,-0.57353,-1.5328,-1.2931,-0.97105,20
173,-0.12685,-1.6039,-1.7313,-1.8137,20
174,-0.79165,-1.6534,-2.1312,-0.75599,20
175,-0.77309,-1.74,-2.5561,-0.89676,20
176,-1.7465,-1.7864,-2.4661,0.68496,20
177,-1.946,-1.8081,-2.1465,0.99388,20
178,-2.1247,-1.7648,-1.7198,1.3497,20
179,-2.3127,-1.6209,-1.2644,1.8483,20
180,-2.0052,-1.5235,-0.69799,1.4534,20
181,-1.3636,-1.3735,-0.16028,0.56181,20
182,-0.49348,-1.2466,-0.064612,-0.74425,20
183,-0.97264,-1.0533,0.098016,0.30763,20
184,-0.85546,-0.93421,0.14778,0.26069,20
185,-0.82181,-0.7981,0.21093,0.37604,20
186,-0.62458,-0.68364,0.22626,0.18836,20
187,-0.54453,-0.63879,0.31234,0.11015,20
188,-0.73364,-0.56145,0.43865,0.5266,20
189,-0.33453,-0.55372,0.34105,-0.13621,20
190,-0.41227,-0.5661,0.22047,-0.020849,20
191,-0.29973,-0.59548,0.090355,-0.24765,20
192,-0.079291,-0.64188,-0.049292,-0.67778,20
193,-0.14427,-0.75633,-0.2904,-0.71296,20
194,-0.059568,-0.97132,-0.7267,-1.1275,20
195,0.25601,-1.2466,-1.1381,-2.0073,20
196,-0.072328,-1.4848,-1.5878,-1.7551,20
197,0.22352,-1.6859,-2.2824,-2.5078,20
198,-1.7024,-1.8823,-2.6766,0.48946,20
199,-1.7917,-2.0447,-2.4489,0.43472,20
200,-1.9321,-2.1128,-2.3168,0.58525,20
201,-2.17,-2.1236,-2.0375,0.97238,20
202,-2.1746,-2.0107,-1.6739,1.1229,20
203,-2.3498,-1.8607,-1.2606,1.6078,20
204,-2.4716,-1.6704,-0.7095,2.0536,20
205,-1.4402,-1.4926,-0.19858,0.54028,20
206,-1.2233,-1.2822,-0.064612,0.4406,20
207,-1.2801,-1.0502,0.10953,0.82967,20
208,-0.758,-0.8414,0.16883,0.21377,20
209,-0.66518,-0.70838,0.26643,0.22551,20
210,-0.77193,-0.58929,0.38122,0.55593,20
211,-0.17326,-0.55681,0.4635,-0.41189,20
212,0.068051,-0.57847,0.32,-0.84593,20
213,-0.31945,-0.58001,0.20901,-0.19486,20
214,-0.18022,-0.55681,0.046378,-0.40015,20
215,0.24672,-0.58157,-0.10291,-1.1509,20
216,-0.072328,-0.63106,-0.38226,-0.67584,20
217,-0.031729,-0.79964,-0.6119,-0.95735,20
218,-0.081612,-1.0332,-0.99266,-1.1685,20
219,-0.17443,-1.3626,-1.4118,-1.4286,20
220,0.0042413,-1.655,-2.0107,-2.0992,20
221,-1.0434,-1.9071,-2.5618,-0.65237,20
222,-2.0505,-2.1097,-2.5388,0.78861,20
223,-1.9913,-2.2257,-2.3609,0.54223,20
224,-2.076,-2.1762,-2.1006,0.74755,20
225,-2.2384,-2.0231,-1.7485,1.2148,20
226,-2.2929,-1.7864,-1.3409,1.6059,20
227,-2.3533,-1.6101,-0.80324,1.9304,20
228,-1.685,-1.3518,-0.24835,1.1307,20
229,-1.1687,-1.1476,-0.039758,0.51878,20
230,-0.9332,-0.97132,0.19561,0.34478,20
231,-0.79629,-0.78109,0.27409,0.35454,20
232,-0.012006,-0.6063,0.35444,-0.7462,20
233,-0.758,-0.49804,0.44052,0.64782,20
234,-0.35425,-0.46093,0.40993,0.014331,20
235,-0.21387,-0.47794,0.3238,-0.24374,20
236,-0.020123,-0.45474,0.2052,-0.54092,20
237,-0.18836,-0.55062,0.1076,-0.37863,20
238,-0.31016,-0.64651,-0.0072435,-0.29456,20
239,-0.19415,-0.79037,-0.29998,-0.67192,20
240,-0.10133,-0.95122,-0.65015,-1.0317,20
241,-0.16863,-1.1152,-1.0482,-1.1255,20
242,0.1075,-1.2838,-1.5648,-1.804,20
243,-0.01316,-1.4663,-2.1599,-1.8313,20
244,-1.6351,-1.6457,-2.3188,0.6752,20
245,-2.0447,-1.7942,-2.0088,1.1777,20
246,-1.895,-1.9179,-1.6968,0.76905,20
247,-1.9101,-1.9535,-1.3065,0.74949,20
248,-2.1688,-1.938,-0.91231,1.2051,20
249,-2.3695,-1.8112,-0.44349,1.7036,20
250,-1.5643,-1.6611,-0.062684,0.53639,20
251,-1.4031,-1.491,0.010006,0.47969,20
252,-1.1919,-1.3178,0.13439,0.34283,20
253,-1.1652,-1.1569,0.32,0.50119,20
254,-0.4053,-0.98215,0.5018,-0.55851,20
255,-0.73016,-0.82439,0.47116,0.18836,20
256,-0.78004,-0.69447,0.56683,0.43666,20
257,-0.32641,-0.65889,0.57829,-0.28283,20
258,-0.79165,-0.62487,0.73332,0.54419,20
259,-1.0051,-0.64188,0.84811,0.88244,20
260,-0.020123,-0.64034,0.77542,-0.77555,20
261,-0.12685,-0.71613,0.58788,-0.69148,20
262,0.0030876,-0.80273,0.34105,-1.0199,20
263,-0.2278,-0.88935,0.04252,-0.74034,20
264,-0.18836,-0.98215,-0.26361,-0.92411,20
265,0.1922,-1.0904,-0.7095,-1.7023,20
266,0.1075,-1.2018,-1.1764,-1.7003,20
267,-0.37397,-1.3333,-1.6681,-1.0551,20
268,-1.3207,-1.4802,-1.8958,0.35454,20
269,-1.6722,-1.5946,-1.6911,0.80229,20
270,-1.8822,-1.754,-1.5093,0.95479,20
271,-1.9623,-1.8498,-1.2051,0.96849,20
272,-1.8556,-1.8436,-0.90657,0.79643,20
273,-1.9449,-1.7524,-0.58126,1.0623,20
274,-1.9936,-1.6457,-0.22917,1.2793,20
275,-1.1049,-1.5018,-0.0072435,-0.036496,20
276,-1.1165,-1.3534,0.0080769,0.17077,20
277,-1.2082,-1.2234,0.090355,0.48946,20
278,-1.0411,-1.0997,0.20901,0.36433,20
279,-0.7232,-0.95432,0.16883,0.012387,20
280,-0.758,-0.83212,0.21667,0.22551,20
281,-0.69187,-0.74242,0.25111,0.22745,20
282,0.23513,-0.63415,0.28175,-1.1979,20
283,-1.0214,-0.6295,0.38508,0.92547,20
284,-0.57586,-0.63725,0.48455,0.16489,20
285,0.075014,-0.64807,0.47496,-0.94564,20
286,0.047175,-0.69447,0.21474,-0.95737,20
287,-0.07697,-0.79347,-0.13923,-0.87331,20
288,0.2386,-0.85532,-0.44735,-1.4833,20
289,-0.020123,-0.94194,-0.95248,-1.1568,20
290,0.090095,-1.0378,-1.4232,-1.4637,20
291,0.2444,-1.2111,-1.8844,-1.9428,20
292,-0.67679,-1.4106,-2.4833,-0.6426,20
293,-1.9089,-1.5668,-2.3168,1.2363,20
294,-1.801,-1.6813,-1.9934,0.90982,20
295,-1.8022,-1.7756,-1.649,0.7925,20
296,-1.9658,-1.7462,-1.3065,1.1053,20
297,-2.2373,-1.7308,-0.98692,1.5824,20
298,-2.1131,-1.6642,-0.5698,1.4573,20
299,-1.4274,-1.5653,-0.29425,0.42689,20
300,-1.3752,-1.4168,-0.20812,0.5266,20
301,-1.1211,-1.2606,-0.070344,0.29589,20
302,-0.94016,-1.16,-0.11438,0.11798,20
303,-0.59094,-1.0255,-0.20431,-0.30044,20
304,-0.69536,-0.90482,-0.20624,0.028033,20
305,-0.62574,-0.78418,-0.12777,0.063214,20
306,-0.85431,-0.71457,0.015737,0.53639,20
307,-0.75453,-0.65116,0.13439,0.4484,20
308,-0.81022,-0.62022,0.31234,0.58137,20
309,-0.73828,-0.65735,0.47309,0.41319,20
310,-0.40298,-0.67436,0.64338,-0.17335,20
311,0.035569,-0.73467,0.32573,-0.98864,20
312,-0.074649,-0.83521,0.086553,-0.92999,20
313,0.017,-0.96669,-0.28086,-1.2506,20
314,0.013526,-1.1214,-0.69032,-1.4403,20
315,-0.14542,-1.3549,-1.163,-1.4677,20
316,0.13303,-1.5653,-1.7906,-2.2028,20
317,-1.1478,-1.7292,-2.2174,-0.25154,20
318,-1.7082,-1.8158,-2.026,0.58331,20
319,-1.9031,-1.7818,-1.6643,0.95479,20
320,-2.1665,-1.672,-1.2032,1.5374,20
321,-2.1734,-1.5451,-0.65588,1.7095,20
322,-2.1653,-1.3549,-0.024438,1.9363,20
323,-1.0887,-1.1925,0.40801,0.32719,20
324,-1.3242,-1.0487,0.59747,0.90591,20
325,-0.67911,-0.94348,0.64718,-0.048207,20
326,-0.70115,-0.85068,0.69694,0.10624,20
327,-0.53409,-0.80429,0.76396,-0.11665,20
328,-0.49464,-0.7548,0.84624,-0.12056,20
329,-0.52365,-0.71147,0.95144,-0.016915,20
330,-0.29508,-0.69137,1.0356,-0.37668,20
331,-0.18836,-0.73623,0.79261,-0.61325,20
332,-0.023598,-0.75324,0.67209,-0.9124,20
333,-0.1605,-0.84759,0.4176,-0.80096,20
334,-0.014314,-1.0456,0.036789,-1.2976,20
335,-0.083933,-1.2776,-0.41478,-1.4735,20
336,0.092416,-1.4647,-1.0348,-2.0073,20
337,0.064576,-1.6581,-1.5476,-2.2048,20
338,-1.4379,-1.7694,-1.9112,0.18639,20
339,-1.7987,-1.8375,-1.6873,0.70843,20
340,-2.214,-1.788,-1.4079,1.471,20
341,-2.1201,-1.6828,-0.96207,1.4455,20
342,-2.3579,-1.5498,-0.43776,2.0145,20
343,-2.2813,-1.4044,0.15158,2.0692,20
344,-1.2499,-1.2343,0.67975,0.54614,20
345,-0.91231,-1.0549,0.81367,0.20398,20
346,-0.72669,-0.85068,0.98208,0.14927,20
347,-0.67796,-0.70375,1.0395,0.25289,20
348,-0.6153,-0.62487,1.1313,0.24701,20
349,-0.1373,-0.55062,1.2614,-0.46466,20
350,-0.24984,-0.51661,1.1409,-0.232,20
351,-0.28929,-0.48876,1.0663,-0.13033,20
352,-0.070006,-0.47638,0.91127,-0.48422,20
353,-0.26028,-0.49648,0.83284,-0.18898,20
354,-0.090896,-0.56454,0.64145,-0.56046,20
355,0.042533,-0.7749,0.37163,-1.0512,20
356,-0.1431,-1.01,-0.037829,-1.0356,20
357,-0.025919,-1.2234,-0.46074,-1.5029,20
358,-0.0085179,-1.491,-0.95061,-1.8704,20
359,-0.2336,-1.7385,-1.5744,-1.804,20
360,-1.6792,-1.9241,-1.7543,0.39757,20
361,-1.8915,-2.0385,-1.5648,0.61069,20
362,-2.2489,-2.0277,-1.3697,1.2266,20
363,-2.0447,-1.9426,-1.0022,0.98997,20
364,-2.2245,-1.8112,-0.55255,1.4592,20
365,-2.2651,-1.6287,-0.0072435,1.7583,20
366,-1.5319,-1.4353,0.51519,0.76711,20
367,-1.4994,-1.1909,0.68928,1.0213,20
368,-0.73596,-0.9868,0.84431,-0.0071705,20
369,-0.57818,-0.78109,0.90361,-0.013026,20
370,-0.56078,-0.64034,1.0031,0.13557,20
371,-0.72088,-0.52124,1.1638,0.55593,20
372,-0.39139,-0.45474,1.2576,0.084739,20
373,-0.26376,-0.45009,1.1504,-0.12447,20
374,-0.30437,-0.44855,1.0911,-0.054086,20
375,-0.32062,-0.45937,1.0567,-0.040384,20
376,-0.020123,-0.47019,0.94378,-0.56046,20
377,-0.25332,-0.52124,0.84045,-0.232,20
378,0.013526,-0.62022,0.6166,-0.80681,20
379,-0.18603,-0.81357,0.37356,-0.71493,20
380,-0.030561,-1.0115,0.048252,-1.2272,20
381,0.23513,-1.2111,-0.4684,-1.9272,20
382,0.018168,-1.3843,-0.93529,-1.7805,20
383,-0.39834,-1.5498,-1.5246,-1.2878,20
384,-1.3683,-1.7029,-1.7906,0.15318,20
385,-1.8996,-1.771,-1.5974,0.96261,20
386,-1.8498,-1.7942,-1.4634,0.84923,20
387,-1.5562,-1.7586,-1.1745,0.39954,20
388,-1.9855,-1.6101,-0.85488,1.3106,20
389,-1.743,-1.474,-0.36887,1.0741,20
390,-1.9751,-1.3317,0.18988,1.645,20
391,-1.1339,-1.1476,0.64911,0.46013,20
392,-1.1409,-1.0084,0.80601,0.64784,20
393,-0.62574,-0.83521,0.82899,-0.0012916,20
394,-0.71972,-0.7285,0.79454,0.29198,20
395,-0.75105,-0.57538,0.88068,0.53834,20
396,-0.43895,-0.47947,0.92466,0.13362,20
397,-0.37165,-0.44236,1.0701,0.067126,20
398,-0.54802,-0.42689,1.2136,0.38389,20
399,-0.061889,-0.41607,1.1504,-0.42165,20
400,0.15043,-0.48257,0.98208,-0.86352,20
401,0.12142,-0.55372,0.74671,-0.90458,20
402,0.16436,-0.74242,0.39654,-1.2155,20
403,-0.0050431,-0.9605,-0.0033858,-1.2057,20
404,0.10866,-1.1786,-0.49898,-1.673,20
405,0.084299,-1.3595,-1.1228,-1.8607,20
406,0.020489,-1.5637,-1.7677,-2.0112,20
407,-1.7036,-1.7323,-1.982,0.68108,20
408,-1.8242,-1.8653,-1.7198,0.71626,20
409,-1.808,-1.887,-1.4711,0.66149,20
410,-1.96,-1.8421,-1.1247,0.97435,20
411,-2.1874,-1.7199,-0.69799,1.512,20
412,-2.098,-1.5451,-0.20624,1.5824,20
413,-2.1885,-1.3503,0.3621,1.9813,20
414,-1.1281,-1.1554,0.52666,0.4406,20
415,-1.0759,-0.96979,0.70268,0.5872,20
416,-0.76496,-0.81357,0.8194,0.26069,20
417,-0.57818,-0.68674,0.85577,0.10624,20
418,-0.7058,-0.62796,0.93617,0.3956,20
419,-0.92391,-0.58001,1.0471,0.82379,20
420,-0.13382,-0.51196,0.91893,-0.42165,20
421,-0.30437,-0.47794,0.82899,-0.091234,20
422,-0.22199,-0.4671,0.69887,-0.21636,20
423,-0.14195,-0.48566,0.54578,-0.37472,20
424,-0.12802,-0.50886,0.41952,-0.42751,20
425,-0.11641,-0.58464,0.13053,-0.54287,20
426,-0.095539,-0.74861,-0.093324,-0.78531,20
427,0.042533,-0.90792,-0.44542,-1.2194,20
428,-0.22431,-1.0518,-0.77839,-0.95152,20
429,-0.2452,-1.2219,-1.1457,-1.1314,20
430,-0.52016,-1.4291,-1.561,-0.92999,20
431,-1.4425,-1.5745,-1.5208,0.44057,20
432,-1.663,-1.6689,-1.3467,0.69279,20
433,-1.4936,-1.7199,-1.1725,0.34283,20
434,-1.6084,-1.6936,-0.98312,0.56963,20
435,-1.8996,-1.6333,-0.74968,1.1366,20
436,-1.9704,-1.4678,-0.45308,1.4651,20
437,-1.8173,-1.2714,-0.041687,1.4553,20
438,-1.75,-1.0332,0.46543,1.643,20
439,-0.56078,-0.90946,0.62806,-0.20462,20
440,-0.91115,-0.79037,0.66636,0.53637,20
441,-0.82413,-0.66508,0.76583,0.54811,20
442,-0.6675,-0.55216,0.79454,0.42689,20
443,-0.79629,-0.47638,0.88448,0.73973,20
444,-0.54337,-0.42844,1.0165,0.3741,20
445,-0.25332,-0.40369,0.90173,-0.083411,20
446,-0.15586,-0.36193,0.79074,-0.19486,20
447,-0.071174,-0.39441,0.61467,-0.37863,20
448,-0.11409,-0.41761,0.52666,-0.33562,20
449,0.07154,-0.51196,0.2683,-0.76772,20
450,0.13303,-0.69602,-0.043561,-1.104,20
451,0.20728,-0.90327,-0.47027,-1.4911,20
452,0.30589,-1.1384,-0.98119,-1.9545,20
453,-0.021277,-1.3951,-1.628,-1.7277,20
454,-0.98425,-1.6147,-2.0853,-0.38254,20
455,-1.7477,-1.7014,-1.9513,0.79446,20
456,-1.598,-1.7617,-1.7849,0.46601,20
457,-1.8393,-1.7447,-1.517,0.89417,20
458,-1.9031,-1.6225,-1.1457,1.1562,20
459,-1.9136,-1.4307,-0.67886,1.4162,20
460,-2.1421,-1.2497,-0.093324,2.0301,20
461,-1.2581,-1.0394,0.45397,0.8062,20
462,-0.90419,-0.87698,0.54385,0.41516,20
463,-0.25564,-0.68364,0.67016,-0.43339,20
464,-0.42619,-0.57229,0.62233,-0.0052032,20
465,-0.33453,-0.46556,0.68548,-0.024761,20
466,-0.40879,-0.43617,0.59935,0.13753,20
467,-0.45403,-0.44699,0.70653,0.20009,20
468,-0.20808,-0.48412,0.73139,-0.26133,20
469,-0.34381,-0.55062,0.73139,-0.11665,20
470,-0.10249,-0.6326,0.70461,-0.62695,20
471,-0.39951,-0.80738,0.53239,-0.34736,20
472,-0.40066,-0.97132,0.37356,-0.55266,20
473,-0.074649,-1.1229,0.17649,-1.2937,20
474,0.085452,-1.2683,-0.091396,-1.7473,20
475,-0.29161,0.43152,0.1248,1.0369,20
476,-0.34034,-0.27532,0.32959,0.22551,20
477,-0.14774,-0.69293,0.20901,-0.62695,20
478,-0.3937,-0.95432,0.011935,-0.54289,20
479,-0.59905,-1.0286,-0.21005,-0.29068,20
480,-0.50624,-1.0935,-0.41864,-0.52919,20
481,-0.39022,-1.0951,-0.71138,-0.72666,20
482,-0.14427,-1.0719,-0.95248,-1.1118,20
483,-0.61879,-1.0053,-1.1993,-0.22807,20
484,-0.23824,-0.90327,-1.3811,-0.74034,20
485,-0.69651,-0.82902,-1.494,0.1258,20
486,-0.80209,-0.73004,-1.3831,0.42884,20
487,-1.229,-0.66045,-1.0099,1.2363,20
488,-0.99933,-0.56919,-0.53536,0.96456,20
489,-1.5261,-0.46093,-0.047418,1.9891,20
490,-1.3462,-0.39131,0.50368,1.774,20
491,-0.59675,-0.32481,0.85197,0.59504,20
492,-0.42619,-0.25676,0.83665,0.39366,20
493,-0.22431,-0.24128,0.87489,0.073004,20
494,-0.16399,-0.24593,0.87109,-0.034528,20
495,-0.29276,-0.22737,0.83665,0.20595,20
496,-0.1779,-0.27686,0.8194,-0.050174,20
497,-0.30901,-0.31399,0.80413,0.12383,20
498,-0.017802,-0.35111,0.75051,-0.41383,20
499,0.0065624,-0.37894,0.64718,-0.49007,20
500,0.040212,-0.38977,0.49794,-0.56048,20
501,0.15158,-0.45318,0.40801,-0.82832,20
502,-0.13266,-0.51661,0.14398,-0.42948,20
503,-0.088575,-0.6558,-0.039758,-0.67972,20
504,-0.28812,-0.78263,-0.25215,-0.50377,20
505,-0.12685,-0.95895,-0.52577,-0.99843,20
506,0.019322,-1.0626,-0.90465,-1.3758,20
507,0.11214,-1.0734,-1.3409,-1.5459,20
508,-0.19879,-1.0162,-1.7351,-0.94955,20
509,-0.76845,-0.92802,-1.9513,0.12189,20
510,-1.4495,-0.90946,-1.5859,1.293,20
511,-1.4669,-0.83677,-1.2376,1.4142,20
512,-1.4646,-0.73004,-0.67693,1.5452,20
513,-1.3451,-0.60477,-0.074201,1.5022,20
514,-1.5052,-0.47947,0.54964,1.9304,20
515,-0.28117,-0.39596,0.73139,-0.026705,20
516,-0.26492,-0.34801,0.89787,0.0065314,20
517,-0.15238,-0.30471,0.81179,-0.12838,20
518,0.051817,-0.28768,0.66636,-0.45098,20
519,-0.041,-0.25985,0.71034,-0.25938,20
520,-0.0061968,-0.20571,0.64911,-0.24959,20
521,-0.089729,-0.16704,0.64338,-0.059942,20
522,-0.19183,-0.13611,0.67016,0.15121,20
523,-0.079291,-0.066519,0.61467,0.049535,20
524,-0.15122,-0.091255,0.54578,0.13948,20
525,0.50777,-0.13611,0.48075,-1.0278,20
526,0.075014,-0.22427,0.33912,-0.40992,20
527,0.33722,-0.32326,0.17842,-0.97691,20
528,-0.027087,-0.49185,-0.10291,-0.5761,20
529,0.21309,-0.59702,-0.40331,-1.1138,20
530,0.22004,-0.76715,-0.82237,-1.3406,20
531,-0.032883,-0.90946,-1.2606,-1.0942,20
532,-0.014314,-0.96823,-1.6146,-1.1998,20
533,-0.99585,-1.075,-1.7715,0.31936,20
534,-1.004,-1.0889,-1.6395,0.31545,20
535,-1.4077,-1.0456,-1.385,1.0506,20
536,-1.5098,-0.87234,-1.0329,1.4416,20
537,-1.4692,-0.66817,-0.51238,1.6313,20
538,-1.7279,-0.49958,0.096087,2.2804,20
539,-0.81022,-0.31553,0.69694,0.96653,20
540,-0.35657,-0.15622,0.77542,0.40343,20
541,-0.12685,-0.089717,0.8194,0.10036,20
542,0.092416,-0.047953,0.85004,-0.21636,20
543,-0.068853,0.051029,0.91319,0.18054,20
544,-0.0061968,0.052585,0.97062,0.076916,20
545,0.47065,0.060312,0.94378,-0.7169,20
546,0.13999,0.049491,0.88255,-0.17335,20
547,-0.18836,-0.02166,0.89594,0.29004,20
548,0.026285,-0.1191,0.85577,-0.19486,20
549,0.1075,-0.33254,0.70653,-0.60152,20
550,-0.057247,-0.49958,0.49414,-0.53504,20
551,0.13999,-0.73932,0.17076,-1.1705,20
552,0.1864,-0.85222,-0.18133,-1.3914,20
553,0.058767,-0.98833,-0.60805,-1.3484,20
554,0.072693,-1.0487,-1.1324,-1.4481,20
555,0.097058,-0.99299,-1.6088,-1.4188,20
556,-0.13963,-0.93265,-2.0623,-0.94367,20
557,-1.5701,-0.85532,-1.9533,1.5648,20
558,-1.6664,-0.76562,-1.3964,1.8405,20
559,-1.5597,-0.61403,-0.84535,1.8522,20
560,-1.8045,-0.44699,-0.097127,2.4759,20
561,-0.82066,-0.24747,0.63192,1.0701,20
562,-0.038678,-0.085066,0.78881,-0.042351,20
563,-0.4784,0.026293,0.8577,0.83943,20
564,-0.31016,0.080416,1.0223,0.62435,20
565,0.33025,0.20725,1.0739,-0.29456,20
566,0.40567,0.22581,0.91512,-0.39819,20
567,0.64235,0.22581,0.75244,-0.79705,20
568,0.44396,0.19024,0.55344,-0.50769,20
569,0.89876,0.12993,0.26257,-1.3504,20
570,0.7108,-0.032481,-0.19092,-1.2389,20
571,0.60755,-0.24128,-0.64822,-1.3289,20
572,0.93704,-0.47484,-1.2338,-2.1793,20
573,0.5565,-0.66354,-1.9226,-1.7766,20
574,-1.0724,-0.82439,-1.9647,0.76514,20
575,-1.2696,-0.93884,-1.5763,0.95282,20
576,-1.5574,-1.0084,-1.1457,1.3497,20
577,-1.8161,-0.94503,-0.72289,1.8659,20
578,-1.8405,-0.83986,-0.17367,2.0399,20
579,-0.9622,-0.68518,0.3659,0.75537,20
580,-0.43431,-0.49804,0.5018,0.10233,20
581,-0.59675,-0.27995,0.58215,0.65175,20
582,-0.12338,-0.10208,0.76583,0.078883,20
583,0.041365,0.052585,0.86536,-0.0032358,20
584,-0.016635,0.17942,0.8998,0.25483,20
585,0.095904,0.24592,0.94571,0.14924,20
586,-0.046809,0.30934,0.99161,0.46992,20
587,-0.010839,0.30778,1.1103,0.40734,20
588,0.076182,0.30778,1.1466,0.26069,20
589,0.9092,0.29387,1.0663,-1.1607,20
590,0.83959,0.19179,0.67209,-1.1724,20
591,0.75372,0.068057,0.24731,-1.1842,20
592,0.98693,-0.17478,-0.32297,-1.8841,20
593,0.44396,-0.38977,-0.96207,-1.2409,20
594,0.89876,-0.52278,-1.6471,-2.1754,20
595,-0.59442,-0.66973,-2.0872,0.15512,20
596,-1.5655,-0.76715,-1.695,1.6684,20
597,-1.2035,-0.80119,-1.2701,1.0154,20
598,-1.837,-0.78418,-0.66167,2.1044,20
599,-1.7651,-0.59548,0.063572,2.2217,20
600,-0.58978,-0.38822,0.43292,0.50316,20
601,-0.19068,-0.18097,0.5649,0.092562,20
602,-0.24171,0.010821,0.66443,0.42102,20
603,0.018168,0.15622,0.82899,0.16686,20
604,-0.28348,0.22581,1.0185,0.76317,20
605,0.34186,0.29541,1.0185,-0.20268,20
606,0.47297,0.27686,0.86729,-0.44707,20
607,0.55186,0.28614,0.74098,-0.56828,20
608,0.47644,0.27221,0.45204,-0.4588,20
609,0.55069,0.22891,0.18795,-0.63866,20
610,0.8013,0.13146,-0.18133,-1.1842,20
611,0.75953,-0.058774,-0.57933,-1.3543,20
612,0.85931,-0.31707,-1.2357,-1.8489,20
613,0.55997,-0.58001,-1.8136,-1.6769,20
614,-0.83806,-0.7548,-1.9858,0.45816,20
615,-1.3439,-0.84605,-1.6643,1.1953,20
616,-1.352,-0.795,-1.3371,1.2735,20
617,-1.4785,-0.65735,-0.91997,1.6606,20
618,-1.453,-0.52433,-0.31531,1.7857,20
619,-1.2569,-0.29233,0.31619,1.7486,20
620,-0.48072,-0.1454,0.65677,0.62631,20
621,-0.075816,0.051029,0.74478,0.19227,20
622,-0.30205,0.13302,0.94191,0.67716,20
623,0.21309,0.22891,0.91319,-0.069732,20
624,0.17479,0.28459,0.90746,0.065181,20
625,0.15623,0.31707,0.92851,0.13753,20
626,0.3407,0.38357,0.91319,-0.08929,20
627,0.44511,0.39131,0.85197,-0.25545,20
628,0.34418,0.37894,0.82706,-0.101,20
629,0.33954,0.35728,0.76583,-0.12056,20
630,0.58318,0.32789,0.57449,-0.5683,20
631,0.734,0.20725,0.3066,-0.97496,20
632,0.74561,0.080416,-0.045489,-1.1548,20
633,0.58666,-0.10982,-0.40905,-1.1275,20
634,0.51357,-0.23665,-0.81856,-1.1646,20
635,0.50892,-0.4006,-1.2204,-1.364,20
636,0.59942,-0.49804,-1.7466,-1.6397,20
637,-0.78817,-0.54599,-1.7906,0.63805,20
638,-1.1351,-0.57847,-1.4252,1.1816,20
639,-1.2929,-0.58311,-1.0329,1.4416,20
640,-1.1339,-0.48257,-0.67886,1.3009,20
641,-1.1037,-0.36348,-0.097127,1.4006,20
642,-0.9622,-0.22581,0.5018,1.3361,20
643,0.055292,-0.052585,0.67402,-0.15965,20
644,0.030927,0.098982,0.82518,0.073004,20
645,0.025131,0.19796,0.96103,0.20789,20
646,0.021643,0.33717,1.0108,0.38975,20
647,-0.12106,0.40213,1.0969,0.71234,20
648,0.088941,0.50267,1.2155,0.48554,20
649,0.64235,0.49958,1.3189,-0.45098,20
650,0.31749,0.56298,1.2136,0.17663,20
651,0.64583,0.55526,1.0529,-0.38645,20
652,0.63191,0.54753,1.0185,-0.37277,20
653,0.46251,0.45937,0.94571,-0.19874,20
654,0.86279,0.2753,0.71607,-1.106,20
655,0.70732,0.08351,0.43479,-1.0864,20
656,0.74561,-0.17942,-0.045489,-1.4833,20
657,1.0194,-0.38977,-0.52963,-2.2106,20
658,0.46021,-0.53671,-1.0118,-1.454,20
659,0.35926,-0.61559,-1.5514,-1.3836,20
660,-0.68955,-0.6326,-1.6395,0.36237,20
661,-1.026,-0.59239,-1.3084,0.9802,20
662,-1.1536,-0.49031,-1.1094,1.3243,20
663,-1.0887,-0.38359,-0.70565,1.3497,20
664,-0.77077,-0.21499,-0.34016,1.0271,20
665,-0.64663,-0.080434,0.13053,0.98803,20
666,-0.78469,0.14847,0.69887,1.51,20
667,0.28037,0.22581,0.77542,-0.18703,20
668,0.39755,0.36502,0.81752,-0.20853,20
669,0.13767,0.45472,0.92085,0.34281,20
670,0.42888,0.50267,0.91319,-0.087322,20
671,0.15275,0.56145,0.95337,0.45231,20
672,0.4892,0.60784,1.0548,-0.05603,20
673,0.71892,0.65889,1.072,-0.37863,20
674,0.65975,0.66043,0.99161,-0.27697,20
675,0.5681,0.65424,0.84431,-0.13035,20
676,0.61799,0.50577,0.83665,-0.4021,20
677,0.77346,0.33408,0.72759,-0.88113,20
678,0.76185,0.12374,0.40608,-1.1275,20
679,0.60059,-0.046396,0.082695,-1.0708,20
680,0.4892,-0.19952,-0.40905,-1.0766,20
681,0.99852,-0.25676,-0.83576,-2.0073,20
682,0.63886,-0.28614,-1.2644,-1.4383,20
683,0.35114,-0.24593,-1.6854,-0.90264,20
684,-0.27885,-0.21036,-1.9226,0.20401,20
685,-1.4657,-0.16859,-1.5706,2.2569,20
686,-1.3149,-0.11136,-0.90277,2.0751,20
687,-1.4959,-0.0030943,-0.31531,2.517,20
688,-1.2418,0.10363,0.43099,2.2237,20
689,-0.30554,0.26448,0.77922,0.84923,20
690,0.25833,0.36346,0.85577,0.024122,20
691,0.05065,0.4872,0.95717,0.53052,20
692,0.32793,0.53979,0.95337,0.12971,20
693,0.29894,0.53979,0.98974,0.17857,20
694,0.61335,0.54597,1.028,-0.34345,20
695,0.84422,0.49648,0.93805,-0.79508,20
696,0.47876,0.41451,0.71419,-0.28283,20
697,0.49965,0.37738,0.56876,-0.36497,20
698,0.59594,0.31861,0.41567,-0.60154,20
699,0.54374,0.22735,0.18795,-0.62892,20
700,0.86626,0.12374,-0.19285,-1.3034,20
701,0.83495,0.061868,-0.60805,-1.3289,20
702,0.41959,-0.037132,-0.98312,-0.75404,20
703,0.67368,-0.12374,-1.2855,-1.2917,20
704,0.075014,-0.20417,-1.6567,-0.38451,20
705,-0.80209,-0.26758,-1.5553,1.0134,20
706,-1.0028,-0.26448,-1.096,1.3556,20
707,-1.1745,-0.21345,-0.64062,1.7095,20
708,-0.5979,-0.1423,-0.2904,0.8277,20
709,-1.2662,7.32E-08,0.27789,2.1338,20
710,0.22352,0.15466,0.73139,-0.18118,20
711,-0.082766,0.3016,0.83472,0.52073,20
712,0.16783,0.43152,1.0031,0.26266,20
713,0.35811,0.5305,1.0682,0.067126,20
714,0.51124,0.59393,1.0911,-0.11077,20
715,0.44743,0.63723,1.116,0.051503,20
716,0.72588,0.62795,1.0969,-0.42948,20
717,0.78969,0.62641,0.90934,-0.53895,20
718,0.63191,0.64188,0.74478,-0.2535,20
719,1.1285,0.61094,0.64145,-1.1294,20
720,0.68644,0.54907,0.38695,-0.46271,20
721,0.35462,0.464,0.29321,-0.011059,20
722,0.58086,0.33563,0.12673,-0.5546,20
723,0.93124,0.15312,-0.12397,-1.3758,20
724,0.9939,0.009283,-0.57553,-1.6632,20
725,0.72705,-0.12839,-1.1018,-1.3875,20
726,0.59247,-0.22737,-1.5437,-1.2859,20
727,-0.6327,-0.31553,-1.8672,0.66737,20
728,-0.91812,-0.30625,-1.6395,1.1601,20
729,-0.52597,-0.33873,-1.2529,0.45819,20
730,-1.0527,-0.26139,-0.91038,1.4436,20
731,-0.97496,-0.13611,-0.39565,1.471,20
732,-1.3439,0.01701,0.24731,2.2863,20
733,-0.28465,0.19643,0.72951,0.72799,20
734,-0.071174,0.33254,0.82518,0.54031,20
735,-0.2336,0.46863,1.0261,0.98606,20
736,0.6992,0.5336,1.072,-0.50377,20
737,0.93007,0.59702,0.67209,-0.81267,20
738,0.13303,0.63414,0.62618,0.57743,20
739,0.22468,0.67127,0.63958,0.46992,20
740,0.47761,0.68518,0.68162,0.06127,20
741,0.37551,0.68981,0.73332,0.23919,20
742,0.44743,0.69137,0.69121,0.11994,20
743,0.63771,0.62022,0.65484,-0.29065,20
744,1.0554,0.53825,0.46543,-1.0981,20
745,0.86626,0.37738,0.18029,-0.98279,20
746,1.1308,0.26448,-0.23683,-1.5713,20
747,1.0264,0.10054,-0.76114,-1.6026,20
748,0.97997,-0.010839,-1.2816,-1.6652,20
749,0.41959,-0.17169,-1.7696,-0.92414,20
750,-0.54337,-0.28768,-1.8614,0.55204,20
751,-1.0028,-0.35883,-1.6222,1.2363,20
752,-0.95407,-0.35111,-1.3026,1.164,20
753,-0.77193,-0.26139,-0.86833,0.97044,20
754,-0.77425,-0.16859,-0.46261,1.0916,20
755,-0.71623,-0.012377,0.011935,1.1914,20
756,-0.32989,0.1361,0.58408,0.72797,20
757,-0.044488,0.34336,0.71419,0.50901,20
758,0.040212,0.51349,0.79261,0.58134,20
759,0.06573,0.64342,0.96103,0.70258,20
760,0.63656,0.73158,1.0682,-0.14794,20
761,0.44164,0.81355,1.0892,0.28416,20
762,0.73981,0.84449,1.0395,-0.17921,20
763,1.1946,0.85995,0.84811,-0.9261,20
764,0.84307,0.81974,0.59935,-0.38451,20
765,0.7839,0.79654,0.38508,-0.31412,20
766,0.99157,0.67744,0.16497,-0.81466,20
767,1.0507,0.5073,-0.16794,-1.1294,20
768,1.0612,0.34336,-0.6674,-1.3543,20
769,1.1807,0.15622,-1.2338,-1.7922,20
770,0.81174,-0.0030943,-1.7543,-1.3719,20
771,-0.39486,-0.068057,-1.9667,0.5794,20
772,-1.2882,-0.10982,-1.5916,2.0321,20
773,-0.8079,-0.085066,-1.0577,1.2539,20
774,-1.1281,0.0030944,-0.44735,1.905,20
775,-0.67215,0.060312,0.10568,1.2089,20
776,-0.40298,0.14847,0.54578,0.86679,20
777,0.22817,0.25366,0.60127,-0.063853,20
778,0.25833,0.37584,0.76583,0.039768,20
779,0.33606,0.44544,0.69507,-0.003259,20
780,0.25253,0.49185,0.70653,0.19618,20
781,0.50545,0.53206,0.54385,-0.17921,20
782,0.79201,0.58001,0.45011,-0.60152,20
783,0.95213,0.58155,0.28555,-0.8694,20
784,0.86279,0.60784,0.086553,-0.6856,20
785,0.73285,0.59083,-0.032098,-0.48813,20
786,0.96836,0.52433,-0.21578,-0.96909,20
787,0.8187,0.44234,-0.50665,-0.82052,20
788,0.73517,0.33408,-0.89125,-0.8166,20
789,1.1088,0.20571,-1.2262,-1.6084,20
790,0.52634,0.15157,-1.6165,-0.69539,20
791,-0.18951,0.057218,-1.6509,0.39169,20
792,-0.73131,0.032481,-1.4041,1.2735,20
793,-0.56078,0.023198,-1.0979,0.97435,20
794,-1.0968,0.064963,-0.71711,1.9304,20
795,-0.968,0.13919,-0.15648,1.8072,20
796,-0.80905,0.29231,0.4176,1.7329,20
797,-0.067685,0.42379,0.72185,0.64978,20
798,0.43584,0.50267,0.75244,-0.099057,20
799,0.22584,0.58311,0.85577,0.35651,20
800,0.39987,0.64651,0.91127,0.14339,20
801,0.437,0.66662,0.96676,0.10624,20
802,0.67483,0.68672,0.91893,-0.26915,20
803,1.0032,0.6527,0.71419,-0.86546,20
804,0.8071,0.61713,0.41952,-0.58001,20
805,1.2921,0.56917,0.14012,-1.4579,20
806,1.1946,0.4872,-0.34402,-1.3973,20
807,1.147,0.36656,-0.77453,-1.4696,20
808,1.0322,0.28459,-1.2778,-1.3797,20
809,0.77577,0.19024,-1.7715,-1.0669,20
810,-0.31481,0.10826,-1.7466,0.66737,20
811,-0.77542,0.018548,-1.3811,1.3302,20
812,-0.75453,0.049491,-0.98505,1.3341,20
813,-1.0666,0.075784,-0.49898,1.8933,20
814,-0.83806,0.21962,0.061643,1.6899,20
815,-0.37978,0.35883,0.55344,1.0936,20
816,0.20612,0.5073,0.71419,0.29393,20
817,0.33954,0.58311,0.83665,0.16491,20
818,0.49616,0.67899,0.92466,0.022178,20
819,0.60638,0.69447,0.85384,-0.14401,20
820,0.58783,0.7223,0.80601,-0.077555,20
821,0.39291,0.74859,0.80601,0.28416,20
822,1.089,0.77488,0.8022,-0.85572,20
823,1.0101,0.73467,0.63192,-0.77358,20
824,0.74096,0.71301,0.45204,-0.34736,20
825,0.81523,0.66817,0.3066,-0.52919,20
826,0.83959,0.58311,0.096087,-0.67778,20
827,0.99969,0.44544,-0.16987,-1.1216,20
828,0.76301,0.2784,-0.48366,-0.9339,20
829,0.77577,0.20571,-0.86833,-1.0473,20
830,1.1354,0.15312,-1.3103,-1.7199,20
831,0.51821,0.072689,-1.7084,-0.7814,20
832,0.0019202,0.058774,-1.9877,0.07106,20
833,-0.91812,0.027831,-1.6509,1.5824,20
834,-0.57238,0.041764,-1.1879,1.0174,20
835,-0.66403,0.14228,-0.70757,1.2989,20
836,-0.77542,0.28459,-0.26554,1.6665,20
837,-0.83226,0.39131,0.3621,1.8972,20
838,0.51937,0.55835,0.64718,-0.16944,20
839,0.45557,0.65114,0.8615,0.055391,20
840,0.52285,0.76715,0.96483,0.088651,20
841,0.58783,0.88316,0.96483,0.1258,20
842,0.52634,0.96977,1.0069,0.3389,20
843,0.89179,0.9775,0.92085,-0.26721,20
844,0.96604,0.9775,0.83092,-0.39233,20
845,1.0136,1.0053,0.68741,-0.4373,20
846,0.83146,0.98833,0.52473,-0.15183,20
847,0.92892,0.82747,0.34485,-0.51942,20
848,1.1308,0.61713,0.10568,-1.1255,20
849,0.99157,0.4006,-0.29232,-1.1646,20
850,1.1969,0.1856,-0.80517,-1.7825,20
851,0.98229,-0.0030943,-1.385,-1.6593,20
852,1.1296,-0.13765,-1.9475,-2.0777,20
853,-0.31713,-0.16394,-2.1829,0.32719,20
854,-0.92276,-0.1222,-1.7868,1.4006,20
855,-0.81834,0.012377,-1.3026,1.3947,20
856,-1.2151,0.17323,-0.65015,2.2667,20
857,-1.1722,0.45628,0.10187,2.5522,20
858,0.48456,0.6558,0.74098,0.01241,20
859,0.34765,0.84913,0.95144,0.48751,20
860,0.38362,0.96823,1.1256,0.57745,20
861,1.3373,0.98368,1.1715,-1.0102,20
862,1.1842,0.97596,1.1486,-0.76184,20
863,0.88483,0.96049,0.88448,-0.27697,20
864,0.95444,0.88316,0.74098,-0.49202,20
865,0.88483,0.81665,0.59361,-0.4588,20
866,0.94517,0.75478,0.5056,-0.63869,20
867,1.212,0.64961,0.30275,-1.2213,20
868,0.90803,0.5568,0.050181,-0.82637,20
869,1.4034,0.40213,-0.44922,-1.8568,20
870,1.2747,0.25983,-1.075,-1.8196,20
871,1.0995,0.18095,-1.7294,-1.6241,20
872,-0.34266,0.10363,-1.8308,0.70846,20
873,-0.70464,-0.0077449,-1.4385,1.1777,20
874,-0.85895,0.021642,-1.0979,1.4749,20
875,-0.968,0.091255,-0.65015,1.7466,20
876,-1.2256,0.28305,-0.024438,2.4231,20
877,-0.78817,0.47173,0.58022,1.9246,20
878,0.28617,0.62022,0.90361,0.30177,20
879,0.45208,0.696,0.90553,0.11798,20
880,0.60755,0.79345,0.90173,-0.020849,20
881,0.7839,0.8213,0.90361,-0.28283,20
882,1.2027,0.84913,0.72951,-0.95346,20
883,1.0658,0.84759,0.51134,-0.7247,20
884,1.2108,0.81974,0.33339,-1.0043,20
885,1.1934,0.83675,0.05977,-0.95346,20
886,1.2352,0.78572,-0.26174,-1.0884,20
887,0.9788,0.72695,-0.5315,-0.73055,20
888,0.99969,0.6527,-0.77453,-0.85961,20
889,1.1227,0.48566,-1.1286,-1.278,20
890,0.29545,0.40986,-1.4156,0.02021,20
891,0.13303,0.33098,-1.3888,0.19422,20
892,-0.66518,0.29696,-1.1113,1.4964,20
893,-0.46796,0.32016,-0.68459,1.1933,20
894,-0.71623,0.36346,-0.19285,1.6665,20
895,-0.56889,0.43462,0.1669,1.5081,20
896,-0.43548,0.50577,0.71034,1.3732,20
897,0.25948,0.63414,0.92851,0.36433,20
898,0.3987,0.68672,0.99547,0.19618,20
899,0.34535,0.77798,0.99161,0.40146,20
900,0.58086,0.85685,1.0127,0.10427,20
901,0.63191,0.89552,0.94378,0.067126,20
902,0.52981,0.88624,0.95337,0.22745,20
903,0.70848,0.81665,0.88641,-0.16162,20
904,1.0681,0.75943,0.70461,-0.84005,20
905,1.0148,0.61249,0.44631,-0.93585,20
906,0.77693,0.52587,0.25877,-0.64454,20
907,0.98925,0.42533,-0.083735,-1.1294,20
908,0.9939,0.35883,-0.47027,-1.2213,20
909,0.97068,0.28305,-0.83196,-1.278,20
910,1.0832,0.23819,-1.3103,-1.5244,20
911,0.91848,0.21653,-1.7275,-1.2741,20
912,-0.74641,0.20571,-1.6261,1.5179,20
913,-0.8079,0.2119,-1.1132,1.6293,20
914,-0.62226,0.25211,-0.56594,1.3673,20
915,-1.0353,0.35418,-0.083735,2.1924,20
916,-0.41923,0.5073,0.53625,1.3478,20
917,0.057613,0.69447,0.92659,0.78078,20
918,0.35579,0.80892,1.0931,0.42298,20
919,0.437,0.85532,1.1313,0.34478,20
920,0.59594,0.81665,1.1486,0.028033,20
921,1.0113,0.77334,0.99928,-0.72666,20
922,1.3292,0.78416,0.70653,-1.2487,20
923,1.3025,0.75943,0.37163,-1.235,20
924,1.0194,0.7424,0.046378,-0.77946,20
925,1.1076,0.77025,-0.24256,-0.89285,20
926,1.1157,0.77025,-0.54489,-0.90652,20
927,1.4858,0.79499,-0.92189,-1.499,20
928,0.79086,0.75478,-1.1993,-0.37865,20
929,0.25948,0.67436,-1.2874,0.41518,20
930,-0.10366,0.57536,-1.1132,0.902,20
931,-0.55034,0.49648,-0.69032,1.555,20
932,-0.84734,0.45162,-0.14502,1.9988,20
933,-0.51437,0.42998,0.34298,1.4104,20
934,-0.36703,0.44853,0.82326,1.1855,20
935,0.11678,0.5104,0.85577,0.4484,20
936,0.31517,0.58155,0.90553,0.20401,20
937,0.50197,0.66817,0.93998,-0.0012916,20
938,0.88947,0.696,0.89407,-0.61913,20
939,0.65975,0.79964,0.91127,-0.101,20
940,0.60523,0.8414,0.84811,0.04368,20
941,0.9034,0.82747,0.74671,-0.47642,20
942,1.0322,0.80736,0.63192,-0.71884,20
943,0.85699,0.77179,0.51327,-0.46859,20
944,0.81523,0.71766,0.38315,-0.46663,20
945,1.0241,0.66662,0.15158,-0.88308,20
946,0.79898,0.57382,-0.058881,-0.62107,20
947,0.54721,0.51505,-0.34589,-0.2711,20
948,0.83959,0.41142,-0.53536,-0.89481,20
949,0.64003,0.36346,-0.82622,-0.61913,20
950,0.66323,0.29231,-1.0386,-0.74816,20
951,0.8013,0.28614,-1.3276,-0.98864,20
952,-0.12685,0.32944,-1.3256,0.63023,20
953,-0.461,0.3449,-0.98885,1.2129,20
954,-0.71508,0.37584,-0.52963,1.6802,20
955,-0.75685,0.46091,-0.014849,1.8581,20
956,-0.81254,0.54753,0.61852,2.0614,20
957,0.40451,0.6759,1.0433,0.17271,20
958,0.50545,0.80892,1.1045,0.17077,20
959,0.31634,0.89862,1.1122,0.60284,20
960,1.306,0.9311,1.1084,-1.0238,20
961,0.79318,0.96977,1.1753,-0.11079,20
962,0.88715,0.96204,1.0663,-0.27892,20
963,0.73864,0.96823,1.0758,-0.020826,20
964,1.0426,0.98833,0.91893,-0.50769,20
965,1.0925,0.97442,0.70268,-0.60934,20
966,0.74213,0.90636,0.55344,-0.10491,20
967,1.0461,0.87542,0.45204,-0.65628,20
968,0.9788,0.80736,0.2607,-0.6289,20
969,0.99622,0.66043,0.06743,-0.84399,20
970,1.0078,0.53515,-0.25408,-1.0219,20
971,0.95908,0.42998,-0.59085,-1.0727,20
972,1.1679,0.34182,-0.95634,-1.5361,20
973,0.89179,0.26139,-1.3352,-1.1724,20
974,-0.16399,0.20415,-1.4443,0.53443,20
975,-0.41227,0.232,-1.2108,0.98803,20
976,-0.87054,0.27377,-0.68652,1.8131,20
977,-0.72669,0.37429,-0.10479,1.6978,20
978,-0.86359,0.54597,0.52285,2.1455,20
979,0.011205,0.66662,1.1007,0.82379,20
980,0.054138,0.8182,1.2768,0.94306,20
981,0.83727,0.90327,1.3992,-0.26915,20
982,0.63886,0.99452,1.4528,0.18056,20
983,1.0902,1.044,1.4165,-0.51745,20
984,0.71777,1.0363,1.3303,0.10036,20
985,1.1575,1.0486,1.2213,-0.62499,20
986,1.1818,1.0626,1.0203,-0.64843,20
987,1.3872,1.044,0.73712,-1.018,20
988,1.2781,1.0208,0.43479,-0.86352,20
989,1.0832,0.92337,0.22433,-0.65822,20
990,1.1911,0.83831,-0.030169,-0.94758,20
991,1.2781,0.65889,-0.38992,-1.321,20
992,1.0241,0.49802,-0.78792,-1.0962,20
993,1.2399,0.30006,-1.3199,-1.7101,20
994,-0.3879,0.16085,-1.5266,0.85703,20
995,-0.82066,0.086605,-1.1591,1.4925,20
996,-1.1362,0.085067,-0.65015,2.0223,20
997,-0.68839,0.14693,-0.10098,1.3458,20
998,-0.98192,0.2552,0.50753,1.9773,20
999,0.24789,0.41914,0.9553,0.1121,20
1000,-0.12685,0.5568,1.0471,0.91762,20
1001,0.13535,0.72385,1.2634,0.68693,20
1002,0.60174,0.81046,1.2901,0.010443,20
1003,0.88831,0.88007,1.1945,-0.38448,20
1004,0.91384,0.9512,1.0854,-0.33759,20
1005,0.70848,1.0069,1.0108,0.07886,20
1006,0.89876,1.0765,0.93617,-0.1538,20
1007,0.95328,1.1105,0.79261,-0.20268,20
1008,1.096,1.1214,0.74098,-0.42945,20
1009,1.0252,1.1368,0.66823,-0.29065,20
1010,1.0531,1.0827,0.52666,-0.40601,20
1011,1.009,1.0146,0.3659,-0.41774,20
1012,0.8071,0.89399,0.19754,-0.23004,20
1013,1.0995,0.75014,-0.022509,-0.90458,20
1014,0.96489,0.58774,-0.21198,-0.88308,20
1015,1.2062,0.47173,-0.55255,-1.4364,20
1016,1.0542,0.39904,-0.94868,-1.2721,20
1017,0.12027,0.30625,-1.1247,0.18445,20
1018,-0.24984,0.30625,-0.98119,0.80817,20
1019,-0.73596,0.37584,-0.55448,1.7153,20
1020,-0.54802,0.45781,0.013808,1.5022,20
1021,-0.3937,0.6063,0.51134,1.4299,20
1022,-0.44939,0.73777,1.1677,1.6899,20
1023,0.50429,0.91563,1.4241,0.3076,20
1024,0.56229,1.0254,1.5638,0.34869,20
1025,1.0171,1.1121,1.7131,-0.30824,20
1026,1.1459,1.1353,1.6288,-0.49595,20
1027,1.2515,1.1708,1.3629,-0.6289,20
1028,1.2828,1.1291,1.1332,-0.73449,20
1029,1.4615,1.0858,0.79261,-1.0903,20
1030,1.4092,0.99452,0.43292,-1.1177,20
1031,1.3512,0.90636,0.10375,-1.1314,20
1032,1.5612,0.83366,-0.31531,-1.5772,20
1033,1.306,0.78726,-0.73816,-1.2057,20
1034,0.72356,0.67436,-1.0405,-0.36689,20
1035,-0.10133,0.52741,-0.91616,0.83747,20
1036,-0.42503,0.42689,-0.5736,1.2559,20
1037,-0.39834,0.4207,-0.22344,1.2031,20
1038,-0.35657,0.45937,0.18222,1.1816,20
1039,-0.5132,0.5336,0.65297,1.5394,20
1040,-0.54221,0.57073,1.2098,1.6352,20
1041,0.73168,0.72385,1.3629,-0.31801,20
1042,0.56462,0.8182,1.4088,0.082795,20
1043,0.52285,0.87388,1.3782,0.22356,20
1044,0.76185,0.90636,1.4031,-0.13815,20
1045,0.88368,0.96977,1.2691,-0.2633,20
1046,1.1331,0.96977,1.1677,-0.68364,20
1047,1.205,1.027,0.9591,-0.73252,20
1048,1.0774,1.0069,0.77542,-0.54289,20
1049,1.161,0.99143,0.65104,-0.70319,20
1050,1.1946,0.95585,0.42526,-0.80487,20
1051,1.2306,0.92028,0.19754,-0.91044,20
1052,1.0067,0.84294,-0.062684,-0.63086,20
1053,0.93356,0.75943,-0.34782,-0.61325,20
1054,0.96025,0.68209,-0.50857,-0.75599,20
1055,0.63424,0.61403,-0.83196,-0.29262,20
1056,0.18523,0.57536,-0.68845,0.41516,20
1057,-0.13963,0.6326,-0.47986,1.035,20
1058,-0.41923,0.67899,-0.079933,1.5648,20
1059,-0.48304,0.77953,0.4635,1.7994,20
1060,-0.62226,0.80273,1.0185,2.0634,20
1061,0.5066,0.77953,1.3552,0.13168,20
1062,0.74213,0.75478,1.4203,-0.29653,20
1063,0.86511,0.75014,1.3533,-0.50963,20
1064,0.55301,0.75168,1.336,0.018266,20
1065,0.78273,0.76869,1.2806,-0.34736,20
1066,0.78854,0.74859,1.1065,-0.38256,20
1067,0.98693,0.7656,0.89407,-0.69539,20
1068,0.66672,0.7223,0.68741,-0.2105,20
1069,0.98229,0.64032,0.44052,-0.84593,20
1070,1.1076,0.60321,0.17456,-1.104,20
1071,1.0809,0.58774,-0.19665,-1.0786,20
1072,0.66092,0.59237,-0.50284,-0.36497,20
1073,0.98112,0.6527,-0.61378,-0.82832,20
1074,0.96025,0.67436,-0.87406,-0.76575,20
1075,-0.015481,0.73931,-0.75734,0.96065,20
1076,-0.3473,0.79654,-0.38612,1.5922,20
1077,-0.30322,0.84603,0.18603,1.5805,20
1078,-0.57933,0.90636,0.75437,2.122,20
1079,-0.52365,0.95276,1.3495,2.0868,20
1080,0.72124,1.0502,1.6422,0.11212,20
1081,0.77114,1.0981,1.7704,0.088627,20
1082,1.3141,1.109,1.5791,-0.81267,20
1083,1.4754,1.1399,1.3016,-1.0453,20
1084,1.4615,1.0688,0.9974,-1.1118,20
1085,1.3791,1.0208,0.67782,-1.0336,20
1086,0.90108,0.90017,0.3621,-0.3806,20
1087,1.219,0.76869,0.1669,-1.0825,20
1088,0.89876,0.64497,-0.034027,-0.69928,20
1089,1.1459,0.53825,-0.3746,-1.2506,20
1090,0.73981,0.48101,-0.73243,-0.63869,20
1091,0.27225,0.42379,-0.78599,0.076916,20
1092,-0.046809,0.38512,-0.71904,0.56572,20
1093,-0.6095,0.44544,-0.42437,1.5902,20
1094,-0.46447,0.51196,-0.039758,1.4299,20
1095,-0.12917,0.64342,0.39461,1.031,20
1096,-0.31713,0.74086,0.70653,1.471,20
1097,-0.26492,0.88624,1.1715,1.5668,20
1098,0.49733,1.0224,1.6078,0.45425,20
1099,1.2097,1.1059,1.5198,-0.64063,20
1100,0.87439,1.1399,1.493,-0.032584,20
1101,1.1099,1.1662,1.3227,-0.39624,20
1102,1.2306,1.177,1.1045,-0.58587,20
1103,1.3686,1.1152,0.82706,-0.89676,20
1104,1.3431,1.0579,0.59554,-0.92608,20
1105,1.4475,1.0177,0.30468,-1.1529,20
1106,1.3825,0.99916,0.031058,-1.0669,20
1107,1.2503,0.92491,-0.32677,-0.93782,20
1108,1.4742,0.83831,-0.57553,-1.4247,20
1109,0.5681,0.70992,-0.88552,-0.059965,20
1110,0.0065624,0.64651,-0.61571,0.8062,20
1111,-0.10018,0.68053,-0.27513,1.0291,20
1112,-0.40647,0.7223,0.21286,1.598,20
1113,-0.37978,0.79964,0.6587,1.6508,20
1114,-0.29508,0.83212,1.1811,1.5492,20
1115,0.79434,0.91409,1.5159,-0.18312,20
1116,0.57273,0.92028,1.5714,0.19815,20
1117,0.71196,0.92647,1.5293,-0.028649,20
1118,0.80594,0.92491,1.382,-0.189,20
1119,0.89527,0.928,1.3169,-0.33562,20
1120,1.0855,0.87232,1.0586,-0.72666,20
1121,1.429,0.79191,0.73905,-1.407,20
1122,1.154,0.75324,0.38315,-0.99255,20
1123,1.3071,0.7192,0.021469,-1.2937,20
1124,1.3164,0.67899,-0.36314,-1.3601,20
1125,1.1598,0.64342,-0.77453,-1.1411,20
1126,0.43932,0.65889,-1.0807,0.092562,20
1127,-0.085087,0.6094,-0.85874,0.91373,20
1128,-0.29973,0.58774,-0.4263,1.2481,20
1129,-0.251,0.65889,-0.0091172,1.2559,20
1130,-0.85546,0.72385,0.5611,2.3566,20
1131,-0.6826,0.85222,1.1715,2.2276,20
1132,0.5739,0.94348,1.5753,0.22551,20
1133,0.81058,1.0703,1.6422,-0.013026,20
1134,0.64583,1.1616,1.7169,0.37998,20
1135,1.1076,1.2466,1.6843,-0.29065,20
1136,0.86279,1.2574,1.7398,0.13557,20
1137,1.3547,1.2698,1.5848,-0.67778,20
1138,1.2712,1.2296,1.2557,-0.58784,20
1139,1.4696,1.1616,0.95144,-1.0082,20
1140,1.3849,1.109,0.58788,-0.93194,20
1141,1.5287,1.0502,0.21286,-1.2487,20
1142,1.4139,0.93884,-0.21198,-1.1959,20
1143,1.2944,0.82902,-0.6119,-1.1333,20
1144,0.51009,0.72695,-0.89318,0.059326,20
1145,0.083131,0.67436,-0.70757,0.71237,20
1146,-0.00040091,0.62176,-0.43396,0.78664,20
1147,-0.55613,0.60165,-0.072273,1.6978,20
1148,-0.064211,0.62641,0.35064,0.90005,20
1149,-0.096692,0.70529,0.71607,1.0545,20
1150,-0.066532,0.75014,1.1638,1.0604,20
1151,0.14115,0.84759,1.4222,0.83358,20
1152,0.3987,0.89552,1.5734,0.46013,20
1153,0.88368,0.88161,1.5619,-0.37474,20
1154,1.0739,0.91409,1.4853,-0.65431,20
1155,0.7665,0.85841,1.2462,-0.20659,20
1156,1.4174,0.81511,1.0089,-1.3582,20
1157,0.97068,0.80736,0.66063,-0.61522,20
1158,0.47529,0.8847,0.48648,0.31739,20
1159,0.74213,0.87698,0.44631,-0.14206,20
1160,0.74213,0.9079,0.34678,-0.10297,20
1161,1.1227,0.9311,0.092284,-0.71493,20
1162,0.93356,0.91563,-0.070344,-0.4158,20
1163,0.92196,0.96358,-0.32677,-0.33562,20
1164,0.99852,0.94811,-0.4722,-0.48422,20
1165,0.5681,0.9512,-0.55448,0.24504,20
1166,0.10053,0.87542,-0.29806,0.9372,20
1167,0.15623,0.87542,-0.066541,0.84335,20
1168,0.26412,0.83831,0.18603,0.6146,20
1169,0.2943,0.83366,0.44052,0.55787,20
1170,-0.10366,0.8182,0.76396,1.209,20
1171,-0.1257,0.87542,1.1581,1.3184,20
1172,0.17944,0.90636,1.581,0.84335,20
1173,0.68991,1.0146,1.5925,0.11994,20
1174,0.46484,1.0842,1.6824,0.58722,20
1175,1.2317,1.1461,1.6135,-0.62695,20
1176,1.3942,1.1662,1.4394,-0.87525,20
1177,1.3884,1.1925,1.2079,-0.83225,20
1178,1.1424,1.1461,1.1428,-0.47639,20
1179,0.72937,1.0579,1.0242,0.10819,20
1180,1.0171,0.94038,0.84431,-0.52528,20
1181,1.2456,0.85532,0.53432,-1.018,20
1182,1.473,0.73004,0.11526,-1.5595,20
1183,1.0937,0.57227,-0.36121,-1.1196,20
1184,1.2445,0.47638,-0.79751,-1.495,20
1185,0.34303,0.41296,-1.0022,-0.056053,20
1186,-0.21272,0.43152,-0.80324,0.90396,20
1187,-0.26376,0.47792,-0.50091,1.0486,20
1188,-0.28117,0.57846,-0.12397,1.2051,20
1189,-0.35889,0.72695,0.35064,1.5237,20
1190,-0.48189,0.84913,0.84624,1.8855,20
1191,0.51937,0.98524,1.4968,0.37019,20
1192,0.54489,1.0842,1.6326,0.45231,20
1193,0.70501,1.2188,1.7896,0.35258,20
1194,1.2805,1.2373,1.8278,-0.59372,20
1195,0.89063,1.2683,1.8929,0.10235,20
1196,0.86394,1.2698,1.9408,0.14927,20
1197,0.94632,1.3085,1.9733,0.059326,20
1198,0.85467,1.2868,1.9771,0.18639,20
1199,1.5798,1.2745,1.8451,-1.0512,20
1200,2.132,1.293,1.4413,-1.9584,20
1201,1.2712,1.2698,1.1715,-0.53701,20
1202,1.6575,1.2281,0.78688,-1.2409,20
1203,1.2317,1.0456,0.52093,-0.75404,20
1204,1.2549,0.89089,0.17842,-0.98864,20
1205,1.5937,0.77953,-0.23876,-1.7003,20
1206,0.84654,0.68209,-0.68266,-0.56437,20
1207,0.61914,0.64342,-0.74582,-0.23004,20
1208,-0.080445,0.57382,-0.54489,0.86094,20
1209,-0.25332,0.50421,-0.12397,1.0643,20
1210,-0.74756,0.53825,0.26643,1.9402,20
1211,-0.3937,0.64497,0.73525,1.4788,20
1212,-0.23592,0.73621,1.2691,1.3282,20
1213,0.93239,0.8646,1.3476,-0.47834,20
1214,0.73517,1.0749,1.4126,0.11992,20
1215,1.0565,1.2126,1.359,-0.24765,20
1216,0.90803,1.2915,1.4891,0.10235,20
1217,1.1122,1.3611,1.5141,-0.1538,20
1218,1.1865,1.3827,1.47,-0.25154,20
1219,1.2329,1.3781,1.447,-0.33562,20
1220,1.2422,1.2574,1.2404,-0.50377,20
1221,1.0449,1.177,1.2423,-0.27304,20
1222,0.94052,1.0239,1.0529,-0.29065,20
1223,1.0415,0.90636,0.88828,-0.60934,20
1224,1.241,0.80892,0.58022,-1.0688,20
1225,1.0183,0.76097,0.27023,-0.75404,20
1226,0.97533,0.73777,0.00041674,-0.71102,20
1227,1.0716,0.72539,-0.29806,-0.88893,20
1228,1.1389,0.73931,-0.65781,-0.98475,20
1229,1.0972,0.75168,-0.98692,-0.89872,20
1230,0.78737,0.80273,-1.207,-0.31215,20
1231,-0.30205,0.78572,-0.96014,1.5022,20
1232,-0.50624,0.82747,-0.45881,1.8991,20
1233,-0.3937,0.86769,0.25877,1.7603,20
1234,-0.72784,0.93729,0.90553,2.4114,20
1235,0.2386,1.0053,1.2213,0.86876,20
1236,1.0252,1.0486,1.4145,-0.4021,20
1237,0.9788,1.1291,1.3686,-0.22221,20
1238,1.3013,1.1554,1.25,-0.73252,20
1239,1.415,1.1492,1.1141,-0.93196,20
1240,1.364,1.1647,0.89021,-0.82637,20
1241,1.1679,1.177,0.73139,-0.4803,20
1242,1.154,1.1786,0.52859,-0.45489,20
1243,0.97648,1.1925,0.38888,-0.13815,20
1244,1.0357,1.1616,0.24538,-0.27697,20
1245,1.2039,1.0811,0.057841,-0.66213,20
1246,1.5229,0.94966,-0.31531,-1.366,20
1247,1.0937,0.83521,-0.65781,-0.78726,20
1248,0.99622,0.74549,-0.93336,-0.73645,20
1249,0.40219,0.68672,-1.075,0.1903,20
1250,0.14115,0.63723,-0.87979,0.56766,20
1251,-0.53989,0.67899,-0.51238,1.7681,20
1252,-0.55729,0.74086,0.099944,1.8757,20
1253,-0.27072,0.82902,0.57642,1.5042,20
1254,0.3117,0.96514,1.2729,0.69475,20
1255,0.46832,1.1028,1.4719,0.60481,20
1256,0.55765,1.2327,1.5906,0.61851,20
1257,1.299,1.3069,1.625,-0.53701,20
1258,1.4881,1.3657,1.3743,-0.78142,20
1259,1.3802,1.4106,1.0816,-0.54289,20
1260,1.6181,1.3998,0.86729,-0.95737,20
1261,1.6436,1.4137,0.48262,-0.98279,20
1262,1.7469,1.3394,0.1076,-1.2506,20
1263,1.8466,1.2343,-0.22151,-1.5517,20
1264,1.6204,1.092,-0.67313,-1.3504,20
1265,0.13418,0.9775,-0.90084,1.0095,20
1266,0.13418,0.87698,-0.6119,0.88246,20
1267,0.15971,0.83212,-0.34589,0.78273,20
1268,-0.38558,0.79499,0.0023456,1.6547,20
1269,-0.14427,0.79499,0.53432,1.2481,20
1270,0.1075,0.81511,0.99354,0.84923,20
1271,0.40684,0.90017,1.2882,0.45231,20
1272,0.90223,0.94811,1.3763,-0.32195,20
1273,1.0913,0.97286,1.3322,-0.60934,20
1274,0.94052,1.0301,1.2385,-0.28283,20
1275,1.0832,1.0084,1.0758,-0.55069,20
1276,1.2491,1.0595,0.88828,-0.76575,20
1277,1.0867,1.0425,0.73712,-0.51356,20
1278,1.4058,1.0378,0.52473,-1.0571,20
1279,1.3779,1.0131,0.24731,-1.0415,20
1280,1.1714,1.0069,0.036789,-0.70125,20
1281,1.1528,0.98215,-0.21198,-0.70125,20
1282,0.94981,0.94811,-0.47793,-0.40212,20
1283,1.1993,0.94348,-0.66927,-0.82834,20
1284,0.74677,0.89708,-0.80705,-0.12447,20
1285,0.085452,0.89399,-0.63296,0.98608,20
1286,0.049496,0.8847,-0.34402,1.0349,20
1287,-0.12917,0.9079,-0.041687,1.3654,20
1288,0.12954,1.0069,0.41186,1.0545,20
1289,-0.12917,1.0997,0.77922,1.6078,20
1290,-0.26608,1.1755,1.3418,1.9343,20
1291,0.88599,1.2714,1.6097,0.11409,20
1292,1.1586,1.3116,1.5523,-0.29456,20
1293,1.3489,1.3425,1.4088,-0.57613,20
1294,1.4754,1.3472,1.1734,-0.78335,20
1295,1.6216,1.2621,0.90173,-1.1372,20
1296,1.581,1.1214,0.64911,-1.2467,20
1297,1.5067,1.0131,0.25877,-1.2585,20
1298,1.4266,0.87542,-0.16987,-1.2976,20
1299,1.3768,0.81355,-0.6119,-1.2917,20
1300,1.0055,0.77798,-1.0654,-0.71102,20
1301,0.12606,0.74396,-1.0099,0.72799,20
1302,-0.10018,0.70838,-0.69225,1.0643,20
1303,-0.52829,0.78263,-0.30764,1.8796,20
1304,-0.37282,0.90171,0.25491,1.7681,20
1305,-0.59442,1.0084,0.85384,2.2765,20
1306,0.64699,1.1028,1.3667,0.30372,20
1307,0.70384,1.2095,1.3935,0.34283,20
1308,0.60638,1.2776,1.558,0.59308,20
1309,0.7166,1.3302,1.7284,0.47383,20
1310,1.4475,1.2977,1.5772,-0.79899,20
1311,1.516,1.3363,1.3399,-0.86549,20
1312,1.5902,1.3302,1.1275,-0.99841,20
1313,1.3118,1.3178,0.83472,-0.54483,20
1314,1.2897,1.3317,0.6625,-0.4901,20
1315,1.3837,1.3332,0.40035,-0.64651,20
1316,1.3675,1.3178,0.11907,-0.63866,20
1317,1.6749,1.2884,-0.2139,-1.1939,20
1318,1.6784,1.2822,-0.56594,-1.2076,20
1319,0.64815,1.2281,-0.74395,0.46013,20
1320,0.30706,1.1291,-0.47986,0.90982,20
1321,0.37783,1.0486,-0.1718,0.68888,20
1322,0.13767,0.90946,0.23965,0.91764,20
1323,-0.068853,0.87079,0.52285,1.2168,20
1324,-0.19068,0.8615,0.98015,1.4104,20
1325,0.65975,0.8615,1.3112,-0.022794,20
1326,0.72241,0.88007,1.3303,-0.10491,20
1327,1.1273,0.84603,1.0778,-0.83028,20
1328,1.5264,0.88316,0.82326,-1.4559,20
1329,1.0809,0.89089,0.42526,-0.69537,20
1330,1.3013,0.88316,0.1248,-1.0766,20
1331,1.4301,0.89089,-0.19665,-1.2839,20
1332,1.3594,0.91099,-0.59085,-1.1392,20
1333,1.2456,0.93266,-0.9085,-0.9202,20
1334,0.73981,0.96358,-1.0176,-0.028672,20
1335,-0.32757,1.0316,-0.70184,1.8561,20
1336,-0.41806,1.1121,-0.058881,2.1103,20
1337,-0.33685,1.1894,0.65297,2.0712,20
1338,-0.44475,1.3131,1.3514,2.4094,20
1339,0.65164,1.3564,1.6269,0.61655,20
1340,0.45324,1.4415,1.6135,1.0584,20
1341,0.82682,1.4879,1.7857,0.48751,20
1342,1.2932,1.525,1.8164,-0.25156,20
1343,1.1865,1.5003,1.759,-0.10295,20
1344,1.5635,1.4539,1.4968,-0.79702,20
1345,1.3443,1.3719,1.16,-0.53115,20
1346,2.0207,1.1554,0.71419,-1.9447,20
1347,1.654,1.0254,0.17842,-1.4911,20
1348,1.7608,0.85685,-0.37653,-1.8841,20
1349,1.878,0.70682,-0.98119,-2.2713,20
1350,0.47529,0.56298,-1.4022,-0.08929,20
1351,-0.12917,0.46246,-1.2797,0.80229,20
1352,-0.33453,0.44699,-1.0348,1.1288,20
1353,-0.47028,0.54288,-0.60617,1.4788,20
1354,-0.43316,0.66662,-0.032098,1.5726,20
1355,-0.77309,0.83366,0.48075,2.3566,20
1356,0.31866,1.0007,1.0969,0.72799,20
1357,0.49037,1.1415,1.248,0.61655,20
1358,0.87439,1.2791,1.4566,0.14339,20
1359,1.5473,1.3626,1.5083,-0.88502,20
1360,1.5868,1.4059,1.2442,-0.89676,20
1361,1.7538,1.4709,0.94191,-1.0962,20
1362,1.6645,1.4369,0.66636,-0.98867,20
1363,1.5717,1.4632,0.37742,-0.79901,20
1364,1.5879,1.4431,0.055912,-0.85179,20
1365,1.4893,1.3642,-0.28852,-0.78531,20
1366,1.6726,1.2389,-0.61764,-1.2526,20
1367,0.99852,1.0904,-0.98312,-0.30433,20
1368,0.58318,0.92647,-0.93143,0.18836,20
1369,0.41148,0.76869,-0.76114,0.27828,20
1370,0.14115,0.67744,-0.66547,0.61849,20
1371,-0.12917,0.65424,-0.4301,1.0447,20
1372,-0.073495,0.67281,-0.11057,0.97435,20
1373,-0.12802,0.78726,0.26643,1.2109,20
1374,0.047175,0.91099,0.6625,1.0721,20
1375,0.08081,1.0363,1.0203,1.1738,20
1376,0.40916,1.1616,1.3265,0.77882,20
1377,1.0739,1.2482,1.4126,-0.232,20
1378,1.1134,1.2977,1.2576,-0.23589,20
1379,1.3512,1.3534,1.0988,-0.56634,20
1380,1.4963,1.3595,0.88068,-0.8029,20
1381,1.3153,1.3441,0.74098,-0.51745,20
1382,1.2909,1.3038,0.53239,-0.52724,20
1383,1.4092,1.2157,0.27409,-0.83811,20
1384,1.5241,1.1863,-0.0359,-1.0688,20
1385,1.4371,1.0873,-0.34589,-1.0473,20
1386,1.3501,1.0672,-0.59465,-0.92608,20
1387,1.3675,1.0688,-0.91038,-0.95346,20
1388,0.63075,1.0765,-1.0692,0.29786,20
1389,0.34535,1.1012,-0.83196,0.81009,20
1390,-0.15122,1.092,-0.44349,1.6352,20
1391,-0.47028,1.0951,0.098016,2.1768,20
1392,-0.27072,1.0935,0.74671,1.8385,20
1393,0.30241,1.1198,1.2901,0.90591,20
1394,0.84074,1.194,1.3093,0.092562,20
1395,0.75142,1.2683,1.3629,0.33695,20
1396,1.0681,1.3317,1.3476,-0.11665,20
1397,0.65164,1.3255,1.3705,0.57743,20
1398,1.2468,1.2714,1.294,-0.49398,20
1399,1.3002,1.1708,1.137,-0.71102,20
1400,1.3187,1.0533,0.97635,-0.89088,20
1401,1.1482,0.92956,0.73525,-0.7599,20
1402,1.5067,0.87542,0.44818,-1.4325,20
1403,1.1865,0.82437,0.10375,-0.95737,20
1404,1.2201,0.76869,-0.24449,-1.0845,20
1405,1.2955,0.7223,-0.6674,-1.2702,20
1406,1.1923,0.6991,-0.99078,-1.1255,20
1407,0.99157,0.76097,-1.3658,-0.70907,20
1408,-0.044488,0.79035,-1.2644,1.0741,20
1409,-0.017802,0.90481,-0.89125,1.1738,20
1410,-0.30554,0.94348,-0.30764,1.7075,20
1411,-0.46332,1.0703,0.40801,2.1338,20
1412,-0.39719,1.1275,1.1773,2.0946,20
1413,0.72821,1.2528,1.3915,0.35651,20
1414,0.84771,1.3348,1.5389,0.25874,20
1415,1.3884,1.3905,1.5562,-0.58198,20
1416,1.487,1.426,1.3801,-0.70319,20
1417,1.7144,1.44,1.0701,-1.0688,20
1418,1.7097,1.4229,0.73525,-1.0825,20
1419,1.6459,1.4322,0.49028,-0.96323,20
1420,1.4881,1.4106,0.15544,-0.72472,20
1421,1.7654,1.3657,-0.15455,-1.2487,20
1422,1.4603,1.2698,-0.52197,-0.8557,20
1423,1.4498,1.1708,-0.91038,-0.96323,20
1424,0.28037,1.0208,-0.94868,0.81793,20
1425,-0.20227,0.88161,-0.6291,1.4553,20
1426,-0.21503,0.77025,-0.24449,1.336,20
1427,-0.31016,0.70838,0.20708,1.4182,20
1428,0.036723,0.72695,0.55537,0.85705,20
1429,0.076182,0.77953,0.93039,0.85703,20
1430,0.34765,0.91872,1.0203,0.57549,20
1431,0.77346,1.0285,1.2442,-0.003259,20
1432,1.1447,1.1384,1.2117,-0.49007,20
1433,1.2515,1.1925,1.0299,-0.60154,20
1434,1.2294,1.2404,0.79647,-0.50377,20
1435,1.3802,1.2605,0.58981,-0.73254,20
1436,1.0774,1.2296,0.36783,-0.26133,20
1437,1.3698,1.2482,0.18029,-0.73057,20
1438,1.2642,1.2281,-0.014849,-0.57807,20
1439,1.5241,1.2404,-0.26554,-1.0004,20
1440,1.0658,1.2636,-0.50284,-0.19877,20
1441,1.2561,1.2451,-0.69991,-0.54289,20
1442,0.86858,1.2373,-0.84342,0.10039,20
1443,0.65975,1.2033,-0.73629,0.4093,20
1444,0.039044,1.1291,-0.31723,1.3615,20
1445,0.16668,1.0842,0.076964,1.0897,20
1446,0.14115,1.0378,0.4176,1.0741,20
1447,0.24672,0.99143,0.68355,0.83749,20
1448,0.23049,0.98059,0.99354,0.85115,20
1449,0.51937,1.0456,1.1907,0.44643,20
1450,1.1343,1.1275,1.1964,-0.48618,20
1451,0.85235,1.1817,1.1256,0.057358,20
1452,1.2607,1.1925,1.051,-0.61719,20
1453,1.4487,1.1956,0.77922,-0.92999,20
1454,1.3651,1.1538,0.56683,-0.84202,20
1455,1.3315,1.1461,0.32193,-0.7951,20
1456,1.2735,1.1492,0.090355,-0.69343,20
1457,1.2631,1.1569,-0.18899,-0.66607,20
1458,1.154,1.1647,-0.38992,-0.47248,20
1459,1.299,1.2126,-0.63103,-0.65628,20
1460,1.3524,1.2172,-0.83388,-0.74034,20
1461,0.77809,1.1817,-0.87593,0.1825,20
1462,0.20031,1.0966,-0.68459,1.0486,20
1463,0.466,1.0224,-0.45688,0.50705,20
1464,0.14347,0.98833,-0.24449,1.0076,20
1465,0.0030876,0.96204,0.084624,1.2109,20
1466,0.15623,0.9311,0.42333,0.91373,20
1467,-0.023598,0.94501,0.77735,1.2344,20
1468,0.15043,0.98059,1.0644,0.98606,20
1469,1.0194,0.98215,1.25,-0.47639,20
1470,0.9556,1.0162,1.2021,-0.32586,20
1471,1.2306,1.0363,1.0261,-0.76381,20
1472,1.0681,1.0796,0.81752,-0.43533,20
1473,1.1749,1.1043,0.51134,-0.58395,20
1474,1.4301,1.1523,0.30275,-0.95346,20
1475,0.92428,1.1755,0.19942,-0.071676,20
1476,1.1041,1.1909,0.057841,-0.35518,20
1477,1.2306,1.1631,-0.13923,-0.60348,20
1478,1.2781,1.1214,-0.34016,-0.73643,20
1479,0.91499,1.1291,-0.50472,-0.11468,20
1480,0.71196,1.0486,-0.52389,0.1258,20
1481,1.1215,0.98678,-0.67693,-0.6426,20
1482,0.86743,0.92028,-0.84915,-0.29848,20
1483,0.42771,0.85068,-0.73243,0.35457,20
1484,0.083131,0.81355,-0.476,0.88832,20
1485,0.15043,0.82593,-0.15075,0.79055,20
1486,-0.078123,0.87232,0.10187,1.2344,20
1487,0.3523,0.94966,0.37549,0.60678,20
1488,0.27457,1.0378,0.63192,0.8492,20
1489,0.14694,1.1446,1.0261,1.1992,20
1490,0.96953,1.2714,1.2672,-0.026705,20
1491,1.0241,1.3564,1.2289,-0.011059,20
1492,1.0357,1.4492,1.2327,0.086683,20
1493,1.0925,1.4925,1.1868,0.045624,20
1494,1.2735,1.508,1.1504,-0.23983,20
1495,1.3884,1.5374,0.9974,-0.39624,20
1496,1.2584,1.5096,0.89214,-0.21245,20
1497,1.2921,1.4724,0.79074,-0.31607,20
1498,1.4359,1.3827,0.63572,-0.6719,20
1499,1.364,1.2219,0.46923,-0.75404,20
1500,1.3129,1.078,0.15158,-0.84984,20
