Timestamp,Time,SP,PV,OP,ts
18/07/24 0:26,30,0,-0.49218,0.89177,30
18/07/24 0:26,60,0,-0.33228,0.8679,30
18/07/24 0:27,90,0,-0.18601,0.84371,30
18/07/24 0:27,120,0,-0.020872,0.8126,30
18/07/24 0:28,150,0,0.11408,0.78454,30
18/07/24 0:28,180,0,0.14446,0.77584,30
18/07/24 0:29,210,0,0.40494,0.71802,30
18/07/24 0:29,240,0,0.45073,0.70024,30
18/07/24 0:30,270,0,0.47641,0.68578,30
18/07/24 0:30,300,0,0.51801,0.66744,30
18/07/24 0:31,330,0,0.72734,0.61289,30
18/07/24 0:31,360,0,0.78462,0.58621,30
18/07/24 0:32,390,0,1.0458,0.51539,30
18/07/24 0:32,420,0,1.0202,0.4998,30
18/07/24 0:33,450,0,1.0281,0.47765,30
18/07/24 0:33,480,0,1.0896,0.44404,30
18/07/24 0:34,510,0,1.0303,0.43468,30
18/07/24 0:34,540,0,1.0724,0.4051,30
18/07/24 0:35,570,0,1.0188,0.39487,30
18/07/24 0:35,600,0,1.1842,0.33953,30
18/07/24 0:36,630,0,1.2424,0.30348,30
18/07/24 0:36,660,0,1.179,0.29189,30
18/07/24 0:37,690,0,1.2411,0.25512,30
18/07/24 0:37,720,0,1.2536,0.22755,30
18/07/24 0:38,750,0,1.3948,0.17262,30
18/07/24 0:38,780,0,1.4851,0.12557,30
18/07/24 0:39,810,0,1.4958,0.093511,30
18/07/24 0:39,840,0,1.4957,0.063498,30
18/07/24 0:40,870,0,1.5224,0.027852,30
18/07/24 0:40,900,0,1.4319,0.016372,30
18/07/24 0:41,930,0,1.461,-0.018523,30
18/07/24 0:41,960,0,1.4283,-0.040955,30
18/07/24 0:42,990,0,1.501,-0.084964,30
18/07/24 0:42,1020,0,1.4742,-0.10946,30
18/07/24 0:43,1050,0,1.6059,-0.16682,30
18/07/24 0:43,1080,0,1.5676,-0.19099,30
18/07/24 0:44,1110,0,1.6244,-0.23443,30
18/07/24 0:44,1140,0,1.5682,-0.2552,30
18/07/24 0:45,1170,0,1.4322,-0.258,30
18/07/24 0:45,1200,0,1.4834,-0.29756,30
18/07/24 0:46,1230,0,1.476,-0.32578,30
18/07/24 0:46,1260,0,1.3884,-0.33697,30
18/07/24 0:47,1290,0,1.4512,-0.37808,30
18/07/24 0:47,1320,0,1.4932,-0.41609,30
18/07/24 0:48,1350,0,1.4746,-0.44215,30
18/07/24 0:48,1380,0,1.5876,-0.49558,30
18/07/24 0:49,1410,0,1.5029,-0.50961,30
18/07/24 0:49,1440,0,1.4425,-0.52704,30
18/07/24 0:50,1470,0,1.4726,-0.56236,30
18/07/24 0:50,1500,0,1.5196,-0.60186,30
18/07/24 0:51,1530,0,1.4847,-0.625,30
18/07/24 0:51,1560,0,1.481,-0.65404,30
18/07/24 0:52,1590,0,1.4215,-0.67125,30
18/07/24 0:52,1620,0,1.6051,-0.7385,30
18/07/24 0:53,1650,0,1.7118,-0.79322,30
18/07/24 0:53,1680,0,1.5315,-0.78957,30
18/07/24 0:54,1710,0,1.6674,-0.84898,30
18/07/24 0:54,1740,0,1.5494,-0.85758,30
18/07/24 0:55,1770,0,1.52,-0.88248,30
18/07/24 0:55,1800,0,1.5632,-0.92211,30
18/07/24 0:56,1830,0,1.5273,-0.94594,30
18/07/24 0:56,1860,0,1.6235,-0.99688,30
18/07/24 0:57,1890,0,1.4851,-1.0004,30
18/07/24 0:57,1920,0,1.1405,-0.95778,30
18/07/24 0:58,1950,0,0.89749,-0.92962,30
18/07/24 0:58,1980,0,0.70323,-0.90689,30
18/07/24 0:59,2010,0,0.61638,-0.9029,30
18/07/24 0:59,2040,0,0.45559,-0.88157,30
18/07/24 1:00,2070,0,0.37729,-0.87442,30
18/07/24 1:00,2100,0,0.24434,-0.85418,30
18/07/24 1:01,2130,0,0.02191,-0.81241,30
18/07/24 1:01,2160,0,-0.079613,-0.79168,30
18/07/24 1:02,2190,0,-0.25836,-0.75264,30
18/07/24 1:02,2220,0,-0.39967,-0.7179,30
18/07/24 1:03,2250,0,-0.3789,-0.7145,30
18/07/24 1:03,2280,0,-0.61498,-0.65736,30
18/07/24 1:04,2310,0,-0.81428,-0.60324,30
18/07/24 1:04,2340,0,-0.78496,-0.59333,30
18/07/24 1:05,2370,0,-0.93673,-0.54582,30
18/07/24 1:05,2400,0,-0.95096,-0.52427,30
18/07/24 1:06,2430,0,-0.95249,-0.5051,30
18/07/24 1:06,2460,0,-1.008,-0.47453,30
18/07/24 1:07,2490,0,-1.0796,-0.43944,30
18/07/24 1:07,2520,0,-1.1108,-0.41141,30
18/07/24 1:08,2550,0,-1.0445,-0.40333,30
18/07/24 1:08,2580,0,-1.1473,-0.36092,30
18/07/24 1:09,2610,0,-1.1327,-0.34122,30
18/07/24 1:09,2640,0,-1.2209,-0.30012,30
18/07/24 1:10,2670,0,-1.1987,-0.28051,30
18/07/24 1:10,2700,0,-1.2853,-0.23843,30
18/07/24 1:11,2730,0,-1.2096,-0.22884,30
18/07/24 1:11,2760,0,-1.2415,-0.19805,30
18/07/24 1:12,2790,0,-1.1673,-0.18901,30
18/07/24 1:12,2820,0,-1.2179,-0.15512,30
18/07/24 1:13,2850,0,-1.215,-0.13152,30
18/07/24 1:13,2880,0,-1.1877,-0.11312,30
18/07/24 1:14,2910,0,-1.2358,-0.079343,30
18/07/24 1:14,2940,0,-1.3268,-0.035573,30
18/07/24 1:15,2970,0,-1.366,-0.00091159,30
18/07/24 1:15,3000,0,-1.4531,0.044634,30
18/07/24 1:16,3030,0,-1.586,0.10159,30
18/07/24 1:16,3060,0,-1.5128,0.11775,30
18/07/24 1:17,3090,0,-1.4429,0.13314,30
18/07/24 1:17,3120,0,-1.4229,0.15765,30
18/07/24 1:18,3150,0,-1.4524,0.19219,30
18/07/24 1:18,3180,0,-1.4797,0.22687,30
18/07/24 1:19,3210,0,-1.3877,0.23695,30
18/07/24 1:19,3240,0,-1.3861,0.26423,30
18/07/24 1:20,3270,0,-1.3004,0.27376,30
18/07/24 1:20,3300,0,-1.3047,0.30055,30
18/07/24 1:21,3330,0,-1.2627,0.31766,30
18/07/24 1:21,3360,0,-1.4398,0.38013,30
18/07/24 1:22,3390,0,-1.4689,0.41493,30
18/07/24 1:22,3420,0,-1.3984,0.42933,30
18/07/24 1:23,3450,0,-1.2969,0.43577,30
18/07/24 1:23,3480,0,-1.4873,0.50172,30
18/07/24 1:24,3510,0,-1.4757,0.52889,30
18/07/24 1:24,3540,0,-1.3369,0.52901,30
18/07/24 1:25,3570,0,-1.3801,0.56474,30
18/07/24 1:25,3600,0,-1.4627,0.60963,30
18/07/24 1:26,3630,0,-1.5705,0.66149,30
18/07/24 1:26,3660,0,-1.5391,0.68615,30
18/07/24 1:27,3690,0,-1.4892,0.70629,30
18/07/24 1:27,3720,0,-1.4702,0.73196,30
18/07/24 1:28,3750,0,-1.4871,0.76479,30
18/07/24 1:28,3780,0,-1.483,0.79355,30
18/07/24 1:29,3810,0,-1.4371,0.8134,30
18/07/24 1:29,3840,0,-1.3896,0.83199,30
18/07/24 1:30,3870,0,-1.5363,0.8906,30
18/07/24 1:30,3900,0,-1.4684,0.90689,30
18/07/24 1:31,3930,0,-1.5175,0.94648,30
18/07/24 1:31,3960,0,-1.2711,0.92492,30
18/07/24 1:32,3990,0,-1.1404,0.9228,30
18/07/24 1:32,4020,0,-0.87079,0.8888,30
18/07/24 1:33,4050,0,-0.66604,0.86305,30
18/07/24 1:33,4080,0,-0.61169,0.86492,30
18/07/24 1:34,4110,0,-0.50921,0.85555,30
18/07/24 1:34,4140,0,-0.23547,0.80801,30
18/07/24 1:35,4170,0,-0.074587,0.77879,30
18/07/24 1:35,4200,0,-0.125,0.7909,30
18/07/24 1:36,4230,0,0.062657,0.75382,30
18/07/24 1:36,4260,0,0.2175,0.7199,30
18/07/24 1:37,4290,0,0.25736,0.70712,30
18/07/24 1:37,4320,0,0.2897,0.69511,30
18/07/24 1:38,4350,0,0.45511,0.6544,30
18/07/24 1:38,4380,0,0.47436,0.64119,30
18/07/24 1:39,4410,0,0.64329,0.59602,30
18/07/24 1:39,4440,0,0.71671,0.56761,30
18/07/24 1:40,4470,0,0.66397,0.56433,30
18/07/24 1:40,4500,0,0.83076,0.51581,30
18/07/24 1:41,4530,0,0.82711,0.49988,30
18/07/24 1:41,4560,0,0.86868,0.47449,30
18/07/24 1:42,4590,0,1.0785,0.4128,30
18/07/24 1:42,4620,0,1.0662,0.39373,30
18/07/24 1:43,4650,0,1.0757,0.37031,30
18/07/24 1:43,4680,0,1.1734,0.32809,30
18/07/24 1:44,4710,0,1.2641,0.28541,30
18/07/24 1:44,4740,0,1.1986,0.27382,30
18/07/24 1:45,4770,0,1.1551,0.25892,30
18/07/24 1:45,4800,0,1.1238,0.2423,30
18/07/24 1:46,4830,0,1.2094,0.20167,30
18/07/24 1:46,4860,0,1.2134,0.17653,30
18/07/24 1:47,4890,0,1.2638,0.14153,30
18/07/24 1:47,4920,0,1.3588,0.096111,30
18/07/24 1:48,4950,0,1.4119,0.057629,30
18/07/24 1:48,4980,0,1.3098,0.05081,30
18/07/24 1:49,5010,0,1.2476,0.037599,30
18/07/24 1:49,5040,0,1.3265,-0.0041032,30
18/07/24 1:50,5070,0,1.3619,-0.038208,30
18/07/24 1:50,5100,0,1.4092,-0.075535,30
18/07/24 1:51,5130,0,1.4059,-0.10315,30
18/07/24 1:51,5160,0,1.2705,-0.10283,30
18/07/24 1:52,5190,0,1.2374,-0.12138,30
18/07/24 1:52,5220,0,1.2407,-0.14695,30
18/07/24 1:53,5250,0,1.2641,-0.17681,30
18/07/24 1:53,5280,0,1.309,-0.21169,30
18/07/24 1:54,5310,0,1.3285,-0.24209,30
18/07/24 1:54,5340,0,1.3013,-0.26305,30
18/07/24 1:55,5370,0,1.3464,-0.2987,30
18/07/24 1:55,5400,0,1.3665,-0.32999,30
18/07/24 1:56,5430,0,1.3548,-0.35498,30
18/07/24 1:56,5460,0,1.3367,-0.37838,30
18/07/24 1:57,5490,0,1.2562,-0.38827,30
18/07/24 1:57,5520,0,1.3821,-0.44005,30
18/07/24 1:58,5550,0,1.4727,-0.48691,30
18/07/24 1:58,5580,0,1.4727,-0.5165,30
18/07/24 1:59,5610,0,1.3711,-0.52464,30
18/07/24 1:59,5640,0,1.4095,-0.56029,30
18/07/24 2:00,5670,0,1.3124,-0.56814,30
18/07/24 2:00,5700,0,1.3608,-0.60472,30
18/07/24 2:01,5730,0,1.4022,-0.64077,30
18/07/24 2:01,5760,0,1.4715,-0.68355,30
18/07/24 2:02,5790,0,1.5256,-0.72451,30
18/07/24 2:02,5820,0,1.5283,-0.75572,30
18/07/24 2:03,5850,0,1.3914,-0.75754,30
18/07/24 2:03,5880,0,1.4629,-0.80058,30
18/07/24 2:04,5910,0,1.3631,-0.8089,30
18/07/24 2:04,5940,0,1.3004,-0.82307,30
18/07/24 2:05,5970,0,1.5417,-0.90009,30
18/07/24 2:05,6000,0,1.4649,-0.91484,30
18/07/24 2:06,6030,0,1.4027,-0.93116,30
18/07/24 2:06,6060,0,1.4294,-0.96497,30
18/07/24 2:07,6090,0,1.3634,-0.97977,30
18/07/24 2:07,6120,0,1.2209,-0.97728,30
18/07/24 2:08,6150,0,1.0165,-0.95888,30
18/07/24 2:08,6180,0,0.83572,-0.94135,30
18/07/24 2:09,6210,0,0.63126,-0.91522,30
18/07/24 2:09,6240,0,0.50611,-0.90171,30
18/07/24 2:10,6270,0,0.29506,-0.86758,30
18/07/24 2:10,6300,0,0.2495,-0.86412,30
18/07/24 2:11,6330,0,0.064322,-0.83031,30
18/07/24 2:11,6360,0,-0.08924,-0.79946,30
18/07/24 2:12,6390,0,-0.26489,-0.76087,30
18/07/24 2:12,6420,0,-0.37526,-0.73253,30
18/07/24 2:13,6450,0,-0.33097,-0.73457,30
18/07/24 2:13,6480,0,-0.41517,-0.71041,30
18/07/24 2:14,6510,0,-0.6834,-0.64575,30
18/07/24 2:14,6540,0,-0.78262,-0.61136,30
18/07/24 2:15,6570,0,-0.83666,-0.58449,30
18/07/24 2:15,6600,0,-0.93406,-0.5474,30
18/07/24 2:16,6630,0,-0.96465,-0.52245,30
18/07/24 2:16,6660,0,-1.024,-0.49082,30
18/07/24 2:17,6690,0,-0.95833,-0.48434,30
18/07/24 2:17,6720,0,-1.044,-0.44726,30
18/07/24 2:18,6750,0,-1.1589,-0.40233,30
18/07/24 2:18,6780,0,-1.13,-0.38539,30
18/07/24 2:19,6810,0,-1.2388,-0.34,30
18/07/24 2:19,6840,0,-1.2125,-0.32093,30
18/07/24 2:20,6870,0,-1.1135,-0.3177,30
18/07/24 2:20,6900,0,-1.149,-0.28809,30
18/07/24 2:21,6930,0,-1.1319,-0.26885,30
18/07/24 2:21,6960,0,-1.1705,-0.23823,30
18/07/24 2:22,6990,0,-1.244,-0.19946,30
18/07/24 2:22,7020,0,-1.1778,-0.18867,30
18/07/24 2:23,7050,0,-1.3528,-0.12835,30
18/07/24 2:23,7080,0,-1.1308,-0.14823,30
18/07/24 2:24,7110,0,-1.1955,-0.11211,30
18/07/24 2:24,7140,0,-1.2043,-0.086486,30
18/07/24 2:25,7170,0,-1.2905,-0.04435,30
18/07/24 2:25,7200,0,-1.3965,0.0036739,30
18/07/24 2:26,7230,0,-1.5149,0.056434,30
18/07/24 2:26,7260,0,-1.3568,0.053275,30
18/07/24 2:27,7290,0,-1.4673,0.10358,30
18/07/24 2:27,7320,0,-1.4891,0.13739,30
18/07/24 2:28,7350,0,-1.4607,0.16106,30
18/07/24 2:28,7380,0,-1.511,0.20075,30
18/07/24 2:29,7410,0,-1.4504,0.21807,30
18/07/24 2:29,7440,0,-1.4256,0.24172,30
18/07/24 2:30,7470,0,-1.4642,0.27825,30
18/07/24 2:30,7500,0,-1.406,0.29514,30
18/07/24 2:31,7530,0,-1.4803,0.33879,30
18/07/24 2:31,7560,0,-1.4984,0.37209,30
18/07/24 2:32,7590,0,-1.4042,0.38207,30
18/07/24 2:32,7620,0,-1.3957,0.40823,30
18/07/24 2:33,7650,0,-1.3723,0.43108,30
18/07/24 2:33,7680,0,-1.296,0.44233,30
18/07/24 2:34,7710,0,-1.3097,0.471,30
18/07/24 2:34,7740,0,-1.3588,0.50742,30
18/07/24 2:35,7770,0,-1.3593,0.53459,30
18/07/24 2:35,7800,0,-1.3357,0.55668,30
18/07/24 2:36,7830,0,-1.493,0.61643,30
18/07/24 2:36,7860,0,-1.4773,0.64285,30
18/07/24 2:37,7890,0,-1.5413,0.68577,30
18/07/24 2:37,7920,0,-1.4521,0.69767,30
18/07/24 2:38,7950,0,-1.373,0.70989,30
18/07/24 2:38,7980,0,-1.3112,0.7242,30
18/07/24 2:39,8010,0,-1.4181,0.77285,30
18/07/24 2:39,8040,0,-1.4555,0.80897,30
18/07/24 2:40,8070,0,-1.3582,0.81744,30
18/07/24 2:40,8100,0,-1.3688,0.84671,30
18/07/24 2:41,8130,0,-1.4153,0.88378,30
18/07/24 2:41,8160,0,-1.4306,0.91517,30
18/07/24 2:42,8190,0,-1.4153,0.94043,30
18/07/24 2:42,8220,0,-1.1675,0.91654,30
18/07/24 2:43,8250,0,-1.0453,0.91415,30
18/07/24 2:43,8280,0,-0.93911,0.91268,30
18/07/24 2:44,8310,0,-0.75889,0.89347,30
18/07/24 2:44,8340,0,-0.58159,0.87127,30
18/07/24 2:45,8370,0,-0.43514,0.85203,30
18/07/24 2:45,8400,0,-0.24784,0.82123,30
18/07/24 2:46,8430,0,0.04829,0.76374,30
18/07/24 2:46,8460,0,0.18022,0.73494,30
18/07/24 2:47,8490,0,0.13279,0.74132,30
18/07/24 2:47,8520,0,0.21196,0.72195,30
18/07/24 2:48,8550,0,0.19463,0.72133,30
18/07/24 2:48,8580,0,0.28416,0.69852,30
18/07/24 2:49,8610,0,0.51496,0.64413,30
18/07/24 2:49,8640,0,0.71295,0.59203,30
18/07/24 2:50,8670,0,0.90743,0.53671,30
18/07/24 2:50,8700,0,0.82567,0.53573,30
18/07/24 2:51,8730,0,0.91411,0.5005,30
18/07/24 2:51,8760,0,0.8848,0.48832,30
18/07/24 2:52,8790,0,1.0205,0.44193,30
18/07/24 2:52,8820,0,1.1024,0.40417,30
18/07/24 2:53,8850,0,1.0573,0.39153,30
18/07/24 2:53,8880,0,0.90042,0.40337,30
18/07/24 2:54,8910,0,0.97894,0.36871,30
18/07/24 2:54,8940,0,0.95565,0.35394,30
18/07/24 2:55,8970,0,0.96036,0.33374,30
18/07/24 2:55,9000,0,1.0169,0.30251,30
18/07/24 2:56,9030,0,0.98194,0.28943,30
18/07/24 2:56,9060,0,1.1928,0.22522,30
18/07/24 2:57,9090,0,1.191,0.20165,30
18/07/24 2:57,9120,0,1.1563,0.18504,30
18/07/24 2:58,9150,0,1.1918,0.15431,30
18/07/24 2:58,9180,0,1.1103,0.14754,30
18/07/24 2:59,9210,0,1.2605,0.093561,30
18/07/24 2:59,9240,0,1.2259,0.075519,30
18/07/24 3:00,9270,0,1.2823,0.03901,30
18/07/24 3:00,9300,0,1.2788,0.013971,30
18/07/24 3:01,9330,0,1.1796,0.009202,30
18/07/24 3:01,9360,0,1.167,-0.011853,30
18/07/24 3:02,9390,0,1.2388,-0.050447,30
18/07/24 3:02,9420,0,1.3384,-0.096334,30
18/07/24 3:03,9450,0,1.362,-0.1282,30
18/07/24 3:03,9480,0,1.4071,-0.16508,30
18/07/24 3:04,9510,0,1.3173,-0.1744,30
18/07/24 3:04,9540,0,1.4345,-0.22558,30
18/07/24 3:05,9570,0,1.5534,-0.27946,30
18/07/24 3:05,9600,0,1.5545,-0.31088,30
18/07/24 3:06,9630,0,1.3747,-0.30417,30
18/07/24 3:06,9660,0,1.3983,-0.33677,30
18/07/24 3:07,9690,0,1.4085,-0.367,30
18/07/24 3:07,9720,0,1.3537,-0.38375,30
18/07/24 3:08,9750,0,1.3514,-0.41045,30
18/07/24 3:08,9780,0,1.3094,-0.42875,30
18/07/24 3:09,9810,0,1.3469,-0.46297,30
18/07/24 3:09,9840,0,1.3621,-0.49324,30
18/07/24 3:10,9870,0,1.4158,-0.53192,30
18/07/24 3:10,9900,0,1.4041,-0.5579,30
18/07/24 3:11,9930,0,1.3908,-0.58329,30
18/07/24 3:11,9960,0,1.4017,-0.61354,30
18/07/24 3:12,9990,0,1.359,-0.63268,30
18/07/24 3:12,10020,0,1.2359,-0.63403,30
18/07/24 3:13,10050,0,1.3275,-0.67818,30
18/07/24 3:13,10080,0,1.3209,-0.70347,30
18/07/24 3:14,10110,0,1.3523,-0.73663,30
18/07/24 3:14,10140,0,1.4187,-0.77779,30
18/07/24 3:15,10170,0,1.358,-0.7935,30
18/07/24 3:15,10200,0,1.2807,-0.80448,30
18/07/24 3:16,10230,0,1.1709,-0.80707,30
18/07/24 3:16,10260,0,1.1829,-0.83315,30
18/07/24 3:17,10290,0,1.3407,-0.89019,30
18/07/24 3:17,10320,0,1.358,-0.92079,30
18/07/24 3:18,10350,0,1.4126,-0.95958,30
18/07/24 3:18,10380,0,1.5105,-1.0086,30
18/07/24 3:19,10410,0,1.2325,-0.98047,30
18/07/24 3:19,10440,0,1.0849,-0.97427,30
18/07/24 3:20,10470,0,1.0033,-0.97905,30
18/07/24 3:20,10500,0,0.6854,-0.93234,30
18/07/24 3:21,10530,0,0.45153,-0.89699,30
18/07/24 3:21,10560,0,0.32199,-0.87895,30
18/07/24 3:22,10590,0,0.22994,-0.86621,30
18/07/24 3:22,10620,0,0.037132,-0.8304,30
18/07/24 3:23,10650,0,-0.11375,-0.79956,30
18/07/24 3:23,10680,0,-0.36901,-0.7437,30
18/07/24 3:24,10710,0,-0.53007,-0.7026,30
18/07/24 3:24,10740,0,-0.53866,-0.69041,30
18/07/24 3:25,10770,0,-0.46807,-0.69473,30
18/07/24 3:25,10800,0,-0.62097,-0.65333,30
18/07/24 3:26,10830,0,-0.55123,-0.65581,30
18/07/24 3:26,10860,0,-0.70467,-0.61263,30
18/07/24 3:27,10890,0,-0.86884,-0.56411,30
18/07/24 3:27,10920,0,-0.86096,-0.54857,30
18/07/24 3:28,10950,0,-1.0237,-0.49721,30
18/07/24 3:28,10980,0,-0.89694,-0.50363,30
18/07/24 3:29,11010,0,-1.0434,-0.45498,30
18/07/24 3:29,11040,0,-1.1082,-0.42062,30
18/07/24 3:30,11070,0,-1.1447,-0.39091,30
18/07/24 3:30,11100,0,-1.2791,-0.33982,30
18/07/24 3:31,11130,0,-1.2141,-0.32811,30
18/07/24 3:31,11160,0,-1.259,-0.2945,30
18/07/24 3:32,11190,0,-1.1232,-0.2981,30
18/07/24 3:32,11220,0,-1.2832,-0.24205,30
18/07/24 3:33,11250,0,-1.3052,-0.21188,30
18/07/24 3:33,11280,0,-1.4058,-0.16471,30
18/07/24 3:34,11310,0,-1.4445,-0.12858,30
18/07/24 3:34,11340,0,-1.4347,-0.10189,30
18/07/24 3:35,11370,0,-1.439,-0.072429,30
18/07/24 3:35,11400,0,-1.4953,-0.031904,30
18/07/24 3:36,11430,0,-1.4363,-0.014583,30
18/07/24 3:36,11460,0,-1.2424,-0.026871,30
18/07/24 3:37,11490,0,-1.3449,0.01947,30
18/07/24 3:37,11520,0,-1.3869,0.055074,30
18/07/24 3:38,11550,0,-1.5332,0.11354,30
18/07/24 3:38,11580,0,-1.4113,0.11838,30
18/07/24 3:39,11610,0,-1.4715,0.15916,30
18/07/24 3:39,11640,0,-1.5423,0.20338,30
18/07/24 3:40,11670,0,-1.6123,0.24887,30
18/07/24 3:40,11700,0,-1.4977,0.25681,30
18/07/24 3:41,11730,0,-1.4717,0.28116,30
18/07/24 3:41,11760,0,-1.6213,0.34201,30
18/07/24 3:42,11790,0,-1.4482,0.33782,30
18/07/24 3:42,11820,0,-1.5041,0.37844,30
18/07/24 3:43,11850,0,-1.5534,0.41878,30
18/07/24 3:43,11880,0,-1.5706,0.45336,30
18/07/24 3:44,11910,0,-1.5124,0.47238,30
18/07/24 3:44,11940,0,-1.5607,0.51267,30
18/07/24 3:45,11970,0,-1.5079,0.53263,30
18/07/24 3:45,12000,0,-1.4442,0.54924,30
18/07/24 3:46,12030,0,-1.4321,0.57545,30
18/07/24 3:46,12060,0,-1.4155,0.60046,30
18/07/24 3:47,12090,0,-1.4152,0.62858,30
18/07/24 3:47,12120,0,-1.4053,0.65467,30
18/07/24 3:48,12150,0,-1.5689,0.71716,30
18/07/24 3:48,12180,0,-1.5681,0.74823,30
18/07/24 3:49,12210,0,-1.559,0.77755,30
18/07/24 3:49,12240,0,-1.4436,0.78427,30
18/07/24 3:50,12270,0,-1.5851,0.84286,30
18/07/24 3:50,12300,0,-1.5583,0.86879,30
18/07/24 3:51,12330,0,-1.5712,0.90255,30
18/07/24 3:51,12360,0,-1.5273,0.92459,30
18/07/24 3:52,12390,0,-1.4736,0.9437,30
18/07/24 3:52,12420,0,-1.4294,0.96372,30
18/07/24 3:53,12450,0,-1.317,0.96866,30
18/07/24 3:53,12480,0,-1.1707,0.96418,30
18/07/24 3:54,12510,0,-1.0382,0.95968,30
18/07/24 3:54,12540,0,-0.7514,0.92,30
18/07/24 3:55,12570,0,-0.60111,0.90336,30
18/07/24 3:55,12600,0,-0.49986,0.89404,30
18/07/24 3:56,12630,0,-0.18628,0.83793,30
18/07/24 3:56,12660,0,-0.088505,0.82104,30
18/07/24 3:57,12690,0,0.031612,0.79748,30
18/07/24 3:57,12720,0,0.10298,0.78179,30
18/07/24 3:58,12750,0,0.20203,0.75882,30
18/07/24 3:58,12780,0,0.3885,0.71544,30
18/07/24 3:59,12810,0,0.39591,0.70607,30
18/07/24 3:59,12840,0,0.61307,0.65232,30
18/07/24 4:00,12870,0,0.71848,0.61778,30
18/07/24 4:00,12900,0,0.71929,0.60319,30
18/07/24 4:01,12930,0,0.78611,0.57465,30
18/07/24 4:01,12960,0,0.80065,0.55579,30
18/07/24 4:02,12990,0,0.95623,0.5069,30
18/07/24 4:02,13020,0,1.0394,0.47016,30
18/07/24 4:03,13050,0,1.0131,0.45483,30
18/07/24 4:03,13080,0,1.0459,0.42757,30
18/07/24 4:04,13110,0,1.1684,0.38073,30
18/07/24 4:04,13140,0,1.1483,0.36149,30
18/07/24 4:05,13170,0,1.1586,0.33626,30
18/07/24 4:05,13200,0,1.1716,0.31025,30
18/07/24 4:06,13230,0,1.1169,0.29824,30
18/07/24 4:06,13260,0,1.1575,0.26725,30
18/07/24 4:07,13290,0,1.3354,0.20648,30
18/07/24 4:07,13320,0,1.2141,0.20524,30
18/07/24 4:08,13350,0,1.3304,0.15634,30
18/07/24 4:08,13380,0,1.4197,0.11078,30
18/07/24 4:09,13410,0,1.283,0.1111,30
18/07/24 4:09,13440,0,1.3747,0.065986,30
18/07/24 4:10,13470,0,1.3186,0.050208,30
18/07/24 4:10,13500,0,1.4029,0.0059432,30
18/07/24 4:11,13530,0,1.3519,-0.011474,30
18/07/24 4:11,13560,0,1.4187,-0.052715,30
18/07/24 4:12,13590,0,1.4565,-0.089169,30
18/07/24 4:12,13620,0,1.4819,-0.12377,30
18/07/24 4:13,13650,0,1.3553,-0.12685,30
18/07/24 4:13,13680,0,1.2973,-0.14185,30
18/07/24 4:14,13710,0,1.4431,-0.19865,30
18/07/24 4:14,13740,0,1.4292,-0.2247,30
18/07/24 4:15,13770,0,1.2626,-0.21828,30
18/07/24 4:15,13800,0,1.2748,-0.24622,30
18/07/24 4:16,13830,0,1.3342,-0.28437,30
18/07/24 4:16,13860,0,1.2935,-0.30258,30
18/07/24 4:17,13890,0,1.4555,-0.36274,30
18/07/24 4:17,13920,0,1.4689,-0.3948,30
18/07/24 4:18,13950,0,1.4494,-0.42018,30
18/07/24 4:18,13980,0,1.4409,-0.4475,30
18/07/24 4:19,14010,0,1.3414,-0.45546,30
18/07/24 4:19,14040,0,1.4179,-0.49854,30
18/07/24 4:20,14070,0,1.3897,-0.52107,30
18/07/24 4:20,14100,0,1.4362,-0.55879,30
18/07/24 4:21,14130,0,1.5152,-0.60429,30
18/07/24 4:21,14160,0,1.3991,-0.61025,30
18/07/24 4:22,14190,0,1.4528,-0.64967,30
18/07/24 4:22,14220,0,1.4259,-0.67319,30
18/07/24 4:23,14250,0,1.3943,-0.69516,30
18/07/24 4:23,14280,0,1.5043,-0.74637,30
18/07/24 4:24,14310,0,1.5571,-0.78771,30
18/07/24 4:24,14340,0,1.5178,-0.81068,30
18/07/24 4:25,14370,0,1.436,-0.82391,30
18/07/24 4:25,14400,0,1.3618,-0.83712,30
18/07/24 4:26,14430,0,1.3463,-0.86122,30
18/07/24 4:26,14460,0,1.4003,-0.89963,30
18/07/24 4:27,14490,0,1.5115,-0.95122,30
18/07/24 4:27,14520,0,1.5668,-0.99323,30
18/07/24 4:28,14550,0,1.4012,-0.98977,30
18/07/24 4:28,14580,0,1.1921,-0.974,30
18/07/24 4:29,14610,0,1.0139,-0.96055,30
18/07/24 4:29,14640,0,0.94806,-0.96723,30
18/07/24 4:30,14670,0,0.65847,-0.9254,30
18/07/24 4:30,14700,0,0.54927,-0.9158,30
18/07/24 4:31,14730,0,0.49916,-0.91647,30
18/07/24 4:31,14760,0,0.23873,-0.87179,30
18/07/24 4:32,14790,0,0.15556,-0.85927,30
18/07/24 4:32,14820,0,0.049273,-0.84021,30
18/07/24 4:33,14850,0,-0.13214,-0.80319,30
18/07/24 4:33,14880,0,-0.32901,-0.75926,30
18/07/24 4:34,14910,0,-0.43844,-0.72983,30
18/07/24 4:34,14940,0,-0.39342,-0.73076,30
18/07/24 4:35,14970,0,-0.52086,-0.69623,30
18/07/24 4:35,15000,0,-0.60533,-0.6682,30
18/07/24 4:36,15030,0,-0.66473,-0.64375,30
18/07/24 4:36,15060,0,-0.86786,-0.58781,30
18/07/24 4:37,15090,0,-0.8883,-0.56632,30
18/07/24 4:37,15120,0,-0.81328,-0.56454,30
18/07/24 4:38,15150,0,-1.0348,-0.50174,30
18/07/24 4:38,15180,0,-0.944,-0.50035,30
18/07/24 4:39,15210,0,-1.1855,-0.43072,30
18/07/24 4:39,15240,0,-1.2385,-0.396,30
18/07/24 4:40,15270,0,-1.2698,-0.36476,30
18/07/24 4:40,15300,0,-1.1887,-0.35662,30
18/07/24 4:41,15330,0,-1.3014,-0.30924,30
18/07/24 4:41,15360,0,-1.2016,-0.30438,30
18/07/24 4:42,15390,0,-1.3537,-0.24843,30
18/07/24 4:42,15420,0,-1.3739,-0.21724,30
18/07/24 4:43,15450,0,-1.1948,-0.22767,30
18/07/24 4:43,15480,0,-1.3064,-0.18038,30
18/07/24 4:44,15510,0,-1.1814,-0.18073,30
18/07/24 4:44,15540,0,-1.4123,-0.10856,30
18/07/24 4:45,15570,0,-1.464,-0.069552,30
18/07/24 4:45,15600,0,-1.4212,-0.04944,30
18/07/24 4:46,15630,0,-1.3088,-0.044843,30
18/07/24 4:46,15660,0,-1.1318,-0.056102,30
18/07/24 4:47,15690,0,-1.1038,-0.039501,30
18/07/24 4:47,15720,0,-1.2143,0.0057247,30
18/07/24 4:48,15750,0,-1.3885,0.066614,30
18/07/24 4:48,15780,0,-1.4949,0.1167,30
18/07/24 4:49,15810,0,-1.5457,0.15717,30
18/07/24 4:49,15840,0,-1.4652,0.17099,30
18/07/24 4:50,15870,0,-1.4539,0.19778,30
18/07/24 4:50,15900,0,-1.5371,0.24427,30
18/07/24 4:51,15930,0,-1.4912,0.26521,30
18/07/24 4:51,15960,0,-1.6141,0.32081,30
18/07/24 4:52,15990,0,-1.5058,0.33013,30
18/07/24 4:52,16020,0,-1.3991,0.33763,30
18/07/24 4:53,16050,0,-1.3283,0.35057,30
18/07/24 4:53,16080,0,-1.353,0.38222,30
18/07/24 4:54,16110,0,-1.4545,0.43055,30
18/07/24 4:54,16140,0,-1.3622,0.44005,30
18/07/24 4:55,16170,0,-1.4219,0.47975,30
18/07/24 4:55,16200,0,-1.4283,0.50941,30
18/07/24 4:56,16230,0,-1.5627,0.5662,30
18/07/24 4:56,16260,0,-1.6143,0.60821,30
18/07/24 4:57,16290,0,-1.4964,0.61551,30
18/07/24 4:57,16320,0,-1.4018,0.62536,30
18/07/24 4:58,16350,0,-1.462,0.66597,30
18/07/24 4:58,16380,0,-1.5257,0.70852,30
18/07/24 4:59,16410,0,-1.4766,0.72855,30
18/07/24 4:59,16440,0,-1.4263,0.74736,30
18/07/24 5:00,16470,0,-1.5617,0.80429,30
18/07/24 5:00,16500,0,-1.434,0.80848,30
18/07/24 5:01,16530,0,-1.4044,0.8308,30
18/07/24 5:01,16560,0,-1.42,0.86206,30
18/07/24 5:02,16590,0,-1.4644,0.8997,30
18/07/24 5:02,16620,0,-1.5804,0.95332,30
18/07/24 5:03,16650,0,-1.6117,0.9914,30
18/07/24 5:03,16680,0,-1.4388,0.98722,30
18/07/24 5:04,16710,0,-1.2484,0.97588,30
18/07/24 5:04,16740,0,-0.96262,0.94062,30
18/07/24 5:05,16770,0,-0.71277,0.90721,30
18/07/24 5:05,16800,0,-0.45215,0.86653,30
18/07/24 5:06,16830,0,-0.4083,0.86633,30
18/07/24 5:06,16860,0,-0.39572,0.87183,30
18/07/24 5:07,16890,0,-0.22056,0.84281,30
18/07/24 5:07,16920,0,-0.029725,0.80697,30
18/07/24 5:08,16950,0,0.16705,0.76607,30
18/07/24 5:08,16980,0,0.21252,0.75313,30
18/07/24 5:09,17010,0,0.23971,0.74313,30
18/07/24 5:09,17040,0,0.44557,0.6949,30
18/07/24 5:10,17070,0,0.5737,0.65893,30
18/07/24 5:10,17100,0,0.5901,0.64395,30
18/07/24 5:11,17130,0,0.77366,0.59339,30
18/07/24 5:11,17160,0,0.80998,0.5702,30
18/07/24 5:12,17190,0,0.84829,0.54586,30
18/07/24 5:12,17220,0,0.94462,0.50851,30
18/07/24 5:13,17250,0,0.97505,0.48312,30
18/07/24 5:13,17280,0,0.96651,0.46534,30
18/07/24 5:14,17310,0,1.1326,0.4109,30
18/07/24 5:14,17340,0,1.1368,0.38727,30
18/07/24 5:15,17370,0,1.1611,0.35932,30
18/07/24 5:15,17400,0,1.1445,0.3395,30
18/07/24 5:16,17430,0,1.246,0.29511,30
18/07/24 5:16,17460,0,1.3265,0.25312,30
18/07/24 5:17,17490,0,1.369,0.21752,30
18/07/24 5:17,17520,0,1.2404,0.21715,30
18/07/24 5:18,17550,0,1.2711,0.18577,30
18/07/24 5:18,17580,0,1.2905,0.15614,30
18/07/24 5:19,17610,0,1.239,0.14109,30
18/07/24 5:19,17640,0,1.3204,0.099023,30
18/07/24 5:20,17670,0,1.3636,0.063405,30
18/07/24 5:20,17700,0,1.4187,0.024403,30
18/07/24 5:21,17730,0,1.5323,-0.028044,30
18/07/24 5:21,17760,0,1.4389,-0.039116,30
18/07/24 5:22,17790,0,1.3584,-0.051027,30
18/07/24 5:22,17820,0,1.382,-0.083301,30
18/07/24 5:23,17850,0,1.3661,-0.1077,30
18/07/24 5:23,17880,0,1.4302,-0.14866,30
18/07/24 5:24,17910,0,1.521,-0.19651,30
18/07/24 5:24,17940,0,1.6026,-0.24427,30
18/07/24 5:25,17970,0,1.4938,-0.2535,30
18/07/24 5:25,18000,0,1.5766,-0.30094,30
18/07/24 5:26,18030,0,1.6976,-0.35812,30
18/07/24 5:26,18060,0,1.6222,-0.37629,30
18/07/24 5:27,18090,0,1.4853,-0.37999,30
18/07/24 5:27,18120,0,1.3844,-0.38855,30
18/07/24 5:28,18150,0,1.4298,-0.42594,30
18/07/24 5:28,18180,0,1.5037,-0.47023,30
18/07/24 5:29,18210,0,1.4419,-0.48738,30
18/07/24 5:29,18240,0,1.4736,-0.52304,30
18/07/24 5:30,18270,0,1.6026,-0.57984,30
18/07/24 5:30,18300,0,1.4613,-0.58222,30
18/07/24 5:31,18330,0,1.4666,-0.61268,30
18/07/24 5:31,18360,0,1.535,-0.65655,30
18/07/24 5:32,18390,0,1.4431,-0.66799,30
18/07/24 5:32,18420,0,1.4343,-0.69514,30
18/07/24 5:33,18450,0,1.4215,-0.72124,30
18/07/24 5:33,18480,0,1.4803,-0.76219,30
18/07/24 5:34,18510,0,1.5075,-0.79766,30
18/07/24 5:34,18540,0,1.6314,-0.85405,30
18/07/24 5:35,18570,0,1.5736,-0.87462,30
18/07/24 5:35,18600,0,1.5054,-0.89184,30
18/07/24 5:36,18630,0,1.4727,-0.91516,30
18/07/24 5:36,18660,0,1.6259,-0.97705,30
18/07/24 5:37,18690,0,1.5461,-0.99303,30
18/07/24 5:37,18720,0,1.2745,-0.96695,30
18/07/24 5:38,18750,0,1.0474,-0.94482,30
18/07/24 5:38,18780,0,0.87021,-0.92867,30
18/07/24 5:39,18810,0,0.64662,-0.89918,30
18/07/24 5:39,18840,0,0.44211,-0.86925,30
18/07/24 5:40,18870,0,0.26265,-0.8405,30
18/07/24 5:40,18900,0,0.1085,-0.8135,30
18/07/24 5:41,18930,0,-0.028428,-0.78704,30
18/07/24 5:41,18960,0,-0.22018,-0.74627,30
18/07/24 5:42,18990,0,-0.24759,-0.73632,30
18/07/24 5:42,19020,0,-0.38147,-0.70337,30
18/07/24 5:43,19050,0,-0.52475,-0.66575,30
18/07/24 5:43,19080,0,-0.39626,-0.68256,30
18/07/24 5:44,19110,0,-0.57055,-0.63809,30
18/07/24 5:44,19140,0,-0.60371,-0.61988,30
18/07/24 5:45,19170,0,-0.68732,-0.59036,30
18/07/24 5:45,19200,0,-0.88181,-0.53579,30
18/07/24 5:46,19230,0,-0.89247,-0.51609,30
18/07/24 5:46,19260,0,-0.82799,-0.512,30
18/07/24 5:47,19290,0,-0.84871,-0.49124,30
18/07/24 5:47,19320,0,-0.94187,-0.45478,30
18/07/24 5:48,19350,0,-0.87577,-0.45004,30
18/07/24 5:48,19380,0,-1.034,-0.39932,30
18/07/24 5:49,19410,0,-1.1139,-0.36196,30
18/07/24 5:49,19440,0,-1.0385,-0.35572,30
18/07/24 5:50,19470,0,-1.008,-0.34152,30
18/07/24 5:50,19500,0,-1.1621,-0.28903,30
18/07/24 5:51,19530,0,-1.2734,-0.24246,30
18/07/24 5:51,19560,0,-1.2035,-0.23187,30
18/07/24 5:52,19590,0,-1.2823,-0.19131,30
18/07/24 5:52,19620,0,-1.3247,-0.15687,30
18/07/24 5:53,19650,0,-1.3275,-0.12993,30
18/07/24 5:53,19680,0,-1.4081,-0.086513,30
18/07/24 5:54,19710,0,-1.4616,-0.04722,30
18/07/24 5:54,19740,0,-1.3489,-0.041877,30
18/07/24 5:55,19770,0,-1.4434,0.0049042,30
18/07/24 5:55,19800,0,-1.4561,0.036311,30
18/07/24 5:56,19830,0,-1.4094,0.05546,30
18/07/24 5:56,19860,0,-1.4244,0.086674,30
18/07/24 5:57,19890,0,-1.4501,0.12045,30
18/07/24 5:57,19920,0,-1.3833,0.13523,30
18/07/24 5:58,19950,0,-1.5583,0.19968,30
18/07/24 5:58,19980,0,-1.5819,0.23569,30
18/07/24 5:59,20010,0,-1.5154,0.25318,30
18/07/24 5:59,20040,0,-1.4305,0.26545,30
18/07/24 6:00,20070,0,-1.5001,0.30862,30
18/07/24 6:00,20100,0,-1.4134,0.32021,30
18/07/24 6:01,20130,0,-1.4686,0.36,30
18/07/24 6:01,20160,0,-1.399,0.37457,30
18/07/24 6:02,20190,0,-1.5555,0.43542,30
18/07/24 6:02,20220,0,-1.5677,0.46897,30
18/07/24 6:03,20250,0,-1.4339,0.472,30
18/07/24 6:03,20280,0,-1.3993,0.49325,30
18/07/24 6:04,20310,0,-1.6276,0.56925,30
18/07/24 6:04,20340,0,-1.6368,0.60362,30
18/07/24 6:05,20370,0,-1.6742,0.64411,30
18/07/24 6:05,20400,0,-1.6893,0.68065,30
18/07/24 6:06,20430,0,-1.5882,0.693,30
18/07/24 6:06,20460,0,-1.4573,0.69703,30
18/07/24 6:07,20490,0,-1.5544,0.74652,30
18/07/24 6:07,20520,0,-1.3695,0.73851,30
18/07/24 6:08,20550,0,-1.2993,0.75098,30
18/07/24 6:08,20580,0,-1.3652,0.79074,30
18/07/24 6:09,20610,0,-1.3492,0.81454,30
18/07/24 6:09,20640,0,-1.4444,0.86147,30
18/07/24 6:10,20670,0,-1.4966,0.90124,30
18/07/24 6:10,20700,0,-1.4727,0.92601,30
18/07/24 6:11,20730,0,-1.2826,0.91541,30
18/07/24 6:11,20760,0,-1.1755,0.91852,30
18/07/24 6:12,20790,0,-0.87764,0.87924,30
18/07/24 6:12,20820,0,-0.7751,0.87519,30
18/07/24 6:13,20850,0,-0.48069,0.82862,30
18/07/24 6:13,20880,0,-0.36621,0.81409,30
18/07/24 6:14,20910,0,-0.27768,0.80273,30
18/07/24 6:14,20940,0,-0.19441,0.79071,30
18/07/24 6:15,20970,0,-0.15941,0.7872,30
18/07/24 6:15,21000,0,0.080621,0.73977,30
18/07/24 6:16,21030,0,0.099152,0.73423,30
18/07/24 6:16,21060,0,0.22408,0.70587,30
18/07/24 6:17,21090,0,0.20459,0.70546,30
18/07/24 6:17,21120,0,0.2916,0.68298,30
18/07/24 6:18,21150,0,0.48298,0.63674,30
18/07/24 6:18,21180,0,0.60094,0.60215,30
18/07/24 6:19,21210,0,0.63373,0.58315,30
18/07/24 6:19,21240,0,0.71934,0.55235,30
18/07/24 6:20,21270,0,0.78876,0.52325,30
18/07/24 6:20,21300,0,0.85153,0.49416,30
18/07/24 6:21,21330,0,0.82815,0.48197,30
18/07/24 6:21,21360,0,0.88266,0.45383,30
18/07/24 6:22,21390,0,0.98368,0.41478,30
18/07/24 6:22,21420,0,1.1576,0.35835,30
18/07/24 6:23,21450,0,1.1407,0.33865,30
18/07/24 6:23,21480,0,1.3818,0.2649,30
18/07/24 6:24,21510,0,1.2152,0.27229,30
18/07/24 6:24,21540,0,1.2728,0.23575,30
18/07/24 6:25,21570,0,1.2878,0.20703,30
18/07/24 6:25,21600,0,1.2699,0.18494,30
18/07/24 6:26,21630,0,1.4028,0.13141,30
18/07/24 6:26,21660,0,1.2519,0.13505,30
18/07/24 6:27,21690,0,1.3315,0.093115,30
18/07/24 6:27,21720,0,1.3185,0.06911,30
18/07/24 6:28,21750,0,1.3965,0.026193,30
18/07/24 6:28,21780,0,1.294,0.019751,30
18/07/24 6:29,21810,0,1.2757,-0.0023907,30
18/07/24 6:29,21840,0,1.2411,-0.020717,30
18/07/24 6:30,21870,0,1.2366,-0.044713,30
18/07/24 6:30,21900,0,1.2606,-0.074627,30
18/07/24 6:31,21930,0,1.2705,-0.10204,30
18/07/24 6:31,21960,0,1.3043,-0.13469,30
18/07/24 6:32,21990,0,1.3978,-0.18061,30
18/07/24 6:32,22020,0,1.3084,-0.18985,30
18/07/24 6:33,22050,0,1.3359,-0.22194,30
18/07/24 6:33,22080,0,1.3371,-0.24902,30
18/07/24 6:34,22110,0,1.4137,-0.29204,30
18/07/24 6:34,22140,0,1.2748,-0.29114,30
18/07/24 6:35,22170,0,1.1684,-0.29434,30
18/07/24 6:35,22200,0,1.1393,-0.31168,30
18/07/24 6:36,22230,0,1.2447,-0.35681,30
18/07/24 6:36,22260,0,1.2277,-0.37825,30
18/07/24 6:37,22290,0,1.2034,-0.3978,30
18/07/24 6:37,22320,0,1.0956,-0.39927,30
18/07/24 6:38,22350,0,1.1299,-0.42854,30
18/07/24 6:38,22380,0,1.1427,-0.45395,30
18/07/24 6:39,22410,0,1.1384,-0.47601,30
18/07/24 6:39,22440,0,1.281,-0.52898,30
18/07/24 6:40,22470,0,1.3493,-0.56911,30
18/07/24 6:40,22500,0,1.2359,-0.57233,30
18/07/24 6:41,22530,0,1.2588,-0.60199,30
18/07/24 6:41,22560,0,1.266,-0.62881,30
18/07/24 6:42,22590,0,1.2758,-0.65631,30
18/07/24 6:42,22620,0,1.4252,-0.71344,30
18/07/24 6:43,22650,0,1.3789,-0.73233,30
18/07/24 6:43,22680,0,1.2017,-0.72266,30
18/07/24 6:44,22710,0,1.2044,-0.74738,30
18/07/24 6:44,22740,0,1.3045,-0.7927,30
18/07/24 6:45,22770,0,1.3705,-0.83282,30
18/07/24 6:45,22800,0,1.3912,-0.86472,30
18/07/24 6:46,22830,0,1.3963,-0.89375,30
18/07/24 6:46,22860,0,1.21,-0.88251,30
18/07/24 6:47,22890,0,1.2402,-0.9132,30
18/07/24 6:47,22920,0,1.2103,-0.93183,30
18/07/24 6:48,22950,0,1.2812,-0.9711,30
18/07/24 6:48,22980,0,1.1705,-0.97368,30
18/07/24 6:49,23010,0,0.9193,-0.9444,30
18/07/24 6:49,23040,0,0.72732,-0.92256,30
18/07/24 6:50,23070,0,0.62387,-0.91555,30
18/07/24 6:50,23100,0,0.52266,-0.90695,30
18/07/24 6:51,23130,0,0.36731,-0.88489,30
18/07/24 6:51,23160,0,0.21761,-0.86092,30
18/07/24 6:52,23190,0,0.068346,-0.83404,30
18/07/24 6:52,23220,0,-0.043934,-0.81196,30
18/07/24 6:53,23250,0,-0.2278,-0.77253,30
18/07/24 6:53,23280,0,-0.15826,-0.78286,30
18/07/24 6:54,23310,0,-0.34404,-0.74074,30
18/07/24 6:54,23340,0,-0.35184,-0.73242,30
18/07/24 6:55,23370,0,-0.45086,-0.7047,30
18/07/24 6:55,23400,0,-0.61046,-0.66223,30
18/07/24 6:56,23430,0,-0.70266,-0.63076,30
18/07/24 6:56,23460,0,-0.75098,-0.6067,30
18/07/24 6:57,23490,0,-0.84447,-0.57214,30
18/07/24 6:57,23520,0,-0.83079,-0.55831,30
18/07/24 6:58,23550,0,-0.81375,-0.54545,30
18/07/24 6:58,23580,0,-1.003,-0.48944,30
18/07/24 6:59,23610,0,-1.0655,-0.45636,30
18/07/24 6:59,23640,0,-1.0113,-0.44662,30
18/07/24 7:00,23670,0,-1.1645,-0.39424,30
18/07/24 7:00,23700,0,-1.2797,-0.34681,30
18/07/24 7:01,23730,0,-1.2833,-0.32061,30
18/07/24 7:01,23760,0,-1.3101,-0.28943,30
18/07/24 7:02,23790,0,-1.2525,-0.27552,30
18/07/24 7:02,23820,0,-1.2231,-0.2568,30
18/07/24 7:03,23850,0,-1.3188,-0.2123,30
18/07/24 7:03,23880,0,-1.4082,-0.16722,30
18/07/24 7:04,23910,0,-1.3631,-0.1487,30
18/07/24 7:04,23940,0,-1.3398,-0.12648,30
18/07/24 7:05,23970,0,-1.3333,-0.10118,30
18/07/24 7:05,24000,0,-1.4012,-0.060339,30
18/07/24 7:06,24030,0,-1.3029,-0.053183,30
18/07/24 7:06,24060,0,-1.344,-0.018584,30
18/07/24 7:07,24090,0,-1.399,0.019759,30
18/07/24 7:07,24120,0,-1.4511,0.058591,30
18/07/24 7:08,24150,0,-1.3954,0.075739,30
18/07/24 7:08,24180,0,-1.3482,0.093581,30
18/07/24 7:09,24210,0,-1.37,0.125,30
18/07/24 7:09,24240,0,-1.2153,0.11965,30
18/07/24 7:10,24270,0,-1.3973,0.18222,30
18/07/24 7:10,24300,0,-1.4215,0.21514,30
18/07/24 7:11,24330,0,-1.3273,0.22358,30
18/07/24 7:11,24360,0,-1.4068,0.26675,30
18/07/24 7:12,24390,0,-1.3688,0.28676,30
18/07/24 7:12,24420,0,-1.442,0.32943,30
18/07/24 7:13,24450,0,-1.355,0.33981,30
18/07/24 7:13,24480,0,-1.4016,0.37662,30
18/07/24 7:14,24510,0,-1.4396,0.41252,30
18/07/24 7:14,24540,0,-1.4818,0.45009,30
18/07/24 7:15,24570,0,-1.4518,0.47328,30
18/07/24 7:15,24600,0,-1.2877,0.4676,30
18/07/24 7:16,24630,0,-1.4113,0.51927,30
18/07/24 7:16,24660,0,-1.3444,0.53327,30
18/07/24 7:17,24690,0,-1.4756,0.58769,30
18/07/24 7:17,24720,0,-1.4875,0.61959,30
18/07/24 7:18,24750,0,-1.5202,0.65612,30
18/07/24 7:18,24780,0,-1.4304,0.66746,30
18/07/24 7:19,24810,0,-1.4948,0.70951,30
18/07/24 7:19,24840,0,-1.5106,0.74262,30
18/07/24 7:20,24870,0,-1.4412,0.75808,30
18/07/24 7:20,24900,0,-1.2871,0.75429,30
18/07/24 7:21,24930,0,-1.4524,0.81476,30
18/07/24 7:21,24960,0,-1.5527,0.86483,30
18/07/24 7:22,24990,0,-1.5065,0.88602,30
18/07/24 7:22,25020,0,-1.4233,0.89848,30
18/07/24 7:23,25050,0,-1.3584,0.91314,30
18/07/24 7:23,25080,0,-1.3397,0.93624,30
18/07/24 7:24,25110,0,-1.3911,0.97374,30
18/07/24 7:24,25140,0,-1.1185,0.94413,30
18/07/24 7:25,25170,0,-0.92808,0.9264,30
18/07/24 7:25,25200,0,-0.79315,0.91653,30
18/07/24 7:26,25230,0,-0.65817,0.90395,30
18/07/24 7:26,25260,0,-0.50819,0.88549,30
18/07/24 7:27,25290,0,-0.32687,0.85743,30
18/07/24 7:27,25320,0,-0.087301,0.81346,30
18/07/24 7:28,25350,0,-0.041292,0.8055,30
18/07/24 7:28,25380,0,0.046113,0.78788,30
18/07/24 7:29,25410,0,0.14876,0.7653,30
18/07/24 7:29,25440,0,0.231,0.74497,30
18/07/24 7:30,25470,0,0.32016,0.72152,30
18/07/24 7:30,25500,0,0.42972,0.69198,30
18/07/24 7:31,25530,0,0.66636,0.63344,30
18/07/24 7:31,25560,0,0.83932,0.5836,30
18/07/24 7:32,25590,0,0.78359,0.5785,30
18/07/24 7:32,25620,0,0.85156,0.54843,30
18/07/24 7:33,25650,0,0.73189,0.55656,30
18/07/24 7:33,25680,0,0.95274,0.49528,30
18/07/24 7:34,25710,0,0.9998,0.46622,30
18/07/24 7:34,25740,0,1.0142,0.44309,30
18/07/24 7:35,25770,0,1.1092,0.4027,30
18/07/24 7:35,25800,0,1.1163,0.37892,30
18/07/24 7:36,25830,0,1.2956,0.31871,30
18/07/24 7:36,25860,0,1.2041,0.31198,30
18/07/24 7:37,25890,0,1.1691,0.29519,30
18/07/24 7:37,25920,0,1.2984,0.24443,30
18/07/24 7:38,25950,0,1.2979,0.21846,30
18/07/24 7:38,25980,0,1.4136,0.16801,30
18/07/24 7:39,26010,0,1.373,0.14818,30
18/07/24 7:39,26040,0,1.3956,0.11585,30
18/07/24 7:40,26070,0,1.3485,0.097764,30
18/07/24 7:40,26100,0,1.4642,0.046273,30
18/07/24 7:41,26130,0,1.2483,0.062397,30
18/07/24 7:41,26160,0,1.2352,0.040075,30
18/07/24 7:42,26190,0,1.3192,-0.002454,30
18/07/24 7:42,26220,0,1.4083,-0.047731,30
18/07/24 7:43,26250,0,1.3931,-0.072811,30
18/07/24 7:43,26280,0,1.4374,-0.11012,30
18/07/24 7:44,26310,0,1.3935,-0.12975,30
18/07/24 7:44,26340,0,1.432,-0.16584,30
18/07/24 7:45,26370,0,1.3874,-0.1852,30
18/07/24 7:45,26400,0,1.557,-0.24883,30
18/07/24 7:46,26430,0,1.5109,-0.27036,30
18/07/24 7:46,26460,0,1.4977,-0.29792,30
18/07/24 7:47,26490,0,1.4912,-0.32662,30
18/07/24 7:47,26520,0,1.6045,-0.38045,30
18/07/24 7:48,26550,0,1.5363,-0.39828,30
18/07/24 7:48,26580,0,1.5236,-0.42646,30
18/07/24 7:49,26610,0,1.3682,-0.42429,30
18/07/24 7:49,26640,0,1.2695,-0.43097,30
18/07/24 7:50,26670,0,1.3244,-0.46805,30
18/07/24 7:50,26700,0,1.5321,-0.53845,30
18/07/24 7:51,26730,0,1.4631,-0.55468,30
18/07/24 7:51,26760,0,1.5026,-0.59237,30
18/07/24 7:52,26790,0,1.5086,-0.62383,30
18/07/24 7:52,26820,0,1.4698,-0.64593,30
18/07/24 7:53,26850,0,1.512,-0.68435,30
18/07/24 7:53,26880,0,1.3819,-0.68729,30
18/07/24 7:54,26910,0,1.5069,-0.74141,30
18/07/24 7:54,26940,0,1.5003,-0.77028,30
18/07/24 7:55,26970,0,1.5074,-0.8019,30
18/07/24 7:55,27000,0,1.3624,-0.80161,30
18/07/24 7:56,27030,0,1.4874,-0.85532,30
18/07/24 7:56,27060,0,1.4493,-0.87716,30
18/07/24 7:57,27090,0,1.4841,-0.9136,30
18/07/24 7:57,27120,0,1.3734,-0.92008,30
18/07/24 7:58,27150,0,1.4048,-0.95429,30
18/07/24 7:58,27180,0,1.2265,-0.94508,30
18/07/24 7:59,27210,0,1.064,-0.93562,30
18/07/24 7:59,27240,0,0.7247,-0.88563,30
18/07/24 8:00,27270,0,0.58884,-0.87174,30
18/07/24 8:00,27300,0,0.53939,-0.87335,30
18/07/24 8:01,27330,0,0.39353,-0.85362,30
18/07/24 8:01,27360,0,0.26947,-0.83557,30
18/07/24 8:02,27390,0,0.032279,-0.79119,30
18/07/24 8:02,27420,0,0.031599,-0.79193,30
18/07/24 8:03,27450,0,-0.1108,-0.76277,30
18/07/24 8:03,27480,0,-0.25257,-0.73089,30
18/07/24 8:04,27510,0,-0.35333,-0.70481,30
18/07/24 8:04,27540,0,-0.36249,-0.69602,30
18/07/24 8:05,27570,0,-0.41859,-0.67714,30
18/07/24 8:05,27600,0,-0.50521,-0.6507,30
18/07/24 8:06,27630,0,-0.65123,-0.61,30
18/07/24 8:06,27660,0,-0.82171,-0.56121,30
18/07/24 8:07,27690,0,-0.80238,-0.54902,30
18/07/24 8:07,27720,0,-0.90513,-0.51148,30
18/07/24 8:08,27750,0,-1.0135,-0.4707,30
18/07/24 8:08,27780,0,-1.0046,-0.45247,30
18/07/24 8:09,27810,0,-1.1456,-0.40282,30
18/07/24 8:09,27840,0,-1.0145,-0.4077,30
18/07/24 8:10,27870,0,-1.0179,-0.38685,30
18/07/24 8:10,27900,0,-1.0604,-0.35767,30
18/07/24 8:11,27930,0,-1.0809,-0.33228,30
18/07/24 8:11,27960,0,-1.0215,-0.32334,30
18/07/24 8:12,27990,0,-1.0214,-0.30308,30
18/07/24 8:12,28020,0,-1.0681,-0.27293,30
18/07/24 8:13,28050,0,-1.1386,-0.23685,30
18/07/24 8:13,28080,0,-1.1689,-0.20783,30
18/07/24 8:14,28110,0,-1.1736,-0.1836,30
18/07/24 8:14,28140,0,-1.2192,-0.15064,30
18/07/24 8:15,28170,0,-1.1289,-0.14542,30
18/07/24 8:15,28200,0,-1.1811,-0.11198,30
18/07/24 8:16,28230,0,-1.2646,-0.070889,30
18/07/24 8:16,28260,0,-1.147,-0.070524,30
18/07/24 8:17,28290,0,-1.1837,-0.039982,30
18/07/24 8:17,28320,0,-1.2498,-0.0024995,30
18/07/24 8:18,28350,0,-1.3167,0.03647,30
18/07/24 8:18,28380,0,-1.3328,0.066074,30
18/07/24 8:19,28410,0,-1.4139,0.10969,30
18/07/24 8:19,28440,0,-1.4041,0.13578,30
18/07/24 8:20,28470,0,-1.4624,0.17603,30
18/07/24 8:20,28500,0,-1.4171,0.19559,30
18/07/24 8:21,28530,0,-1.2927,0.19759,30
18/07/24 8:21,28560,0,-1.3692,0.23945,30
18/07/24 8:22,28590,0,-1.4365,0.28089,30
18/07/24 8:22,28620,0,-1.3686,0.29517,30
18/07/24 8:23,28650,0,-1.1896,0.28469,30
18/07/24 8:23,28680,0,-1.3676,0.34589,30
18/07/24 8:24,28710,0,-1.3624,0.37201,30
18/07/24 8:24,28740,0,-1.3876,0.40445,30
18/07/24 8:25,28770,0,-1.3058,0.41483,30
18/07/24 8:25,28800,0,-1.311,0.44191,30
18/07/24 8:26,28830,0,-1.4699,0.50151,30
18/07/24 8:26,28860,0,-1.335,0.50235,30
18/07/24 8:27,28890,0,-1.2978,0.52107,30
18/07/24 8:27,28920,0,-1.23,0.5326,30
18/07/24 8:28,28950,0,-1.1804,0.54663,30
18/07/24 8:28,28980,0,-1.3493,0.60571,30
18/07/24 8:29,29010,0,-1.3479,0.63228,30
18/07/24 8:29,29040,0,-1.3879,0.66756,30
18/07/24 8:30,29070,0,-1.3718,0.69178,30
18/07/24 8:30,29100,0,-1.3882,0.72256,30
18/07/24 8:31,29130,0,-1.3557,0.74336,30
18/07/24 8:31,29160,0,-1.2278,0.74338,30
18/07/24 8:32,29190,0,-1.2507,0.77262,30
18/07/24 8:32,29220,0,-1.2148,0.78996,30
18/07/24 8:33,29250,0,-1.2903,0.83005,30
18/07/24 8:33,29280,0,-1.2862,0.85487,30
18/07/24 8:34,29310,0,-1.2669,0.8764,30
18/07/24 8:34,29340,0,-1.1511,0.87719,30
18/07/24 8:35,29370,0,-1.1654,0.90311,30
18/07/24 8:35,29400,0,-0.96941,0.88513,30
18/07/24 8:36,29430,0,-0.97656,0.90605,30
18/07/24 8:36,29460,0,-0.68833,0.86483,30
18/07/24 8:37,29490,0,-0.6132,0.86276,30
18/07/24 8:37,29520,0,-0.55803,0.86339,30
18/07/24 8:38,29550,0,-0.27413,0.81468,30
18/07/24 8:38,29580,0,-0.19342,0.80314,30
18/07/24 8:39,29610,0,-0.096607,0.78658,30
18/07/24 8:39,29640,0,-0.054205,0.77955,30
18/07/24 8:40,29670,0,-0.048409,0.77938,30
18/07/24 8:40,29700,0,0.1223,0.74432,30
18/07/24 8:41,29730,0,0.23497,0.71808,30
18/07/24 8:41,29760,0,0.21317,0.71793,30
18/07/24 8:42,29790,0,0.40387,0.6734,30
18/07/24 8:42,29820,0,0.44534,0.65652,30
18/07/24 8:43,29850,0,0.53853,0.6279,30
18/07/24 8:43,29880,0,0.57191,0.61001,30
18/07/24 8:44,29910,0,0.51856,0.60974,30
18/07/24 8:44,29940,0,0.66273,0.56889,30
18/07/24 8:45,29970,0,0.72101,0.54327,30
18/07/24 8:45,30000,0,0.76615,0.51924,30
