Time,PV,OP,SP,ts
0,69.1447,39.5321,66,12.0
11,69.3609,39.6734,66,12.0
23,68.3173,39.0573,66,12.0
34,69.1447,39.5641,66,12.0
46,69.013,39.496,66,12.0
59,68.9284,39.4591,66,12.0
70,69.1352,39.5947,66,12.0
81,69.013,39.5317,66,12.0
92,68.872,39.4587,66,12.0
104,69.107,39.6123,66,12.0
115,68.731,39.3981,66,12.0
126,68.7216,39.4022,66,12.0
137,69.201,39.7004,66,12.0
147,68.2139,39.1188,66,12.0
158,68.9002,39.5404,66,12.0
169,68.6464,39.3977,66,12.0
180,68.5712,39.3632,66,12.0
192,69.0036,39.6317,66,12.0
203,68.2045,39.1612,66,12.0
214,68.5053,39.3512,66,12.0
227,68.4677,39.3376,66,12.0
238,67.5464,38.7931,66,12.0
250,68.2327,39.2141,66,12.0
261,68.3643,39.3005,66,12.0
272,67.4054,38.7317,66,12.0
285,68.1763,39.2028,66,12.0
296,67.8096,38.9887,66,12.0
307,67.5746,38.8547,66,12.0
318,67.8566,39.0293,66,12.0
329,67.2549,38.6743,66,12.0
341,67.1421,38.613,66,12.0
352,67.6968,38.9501,66,12.0
364,66.7097,38.3634,66,12.0
374,67.537,38.8652,66,12.0
385,67.302,38.7282,66,12.0
397,66.6438,38.3373,66,12.0
408,67.5088,38.8596,66,12.0
419,66.484,38.2484,66,12.0
430,66.7191,38.3928,66,12.0
442,66.8413,38.468,66,12.0
452,66.0234,37.9796,66,12.0
469,66.2396,38.1125,66,12.0
480,66.4934,38.2664,66,12.0
491,65.9669,37.9505,66,12.0
503,66.0045,37.9739,66,12.0
514,66.3994,38.2105,66,12.0
526,65.2806,37.5377,66,12.0
538,65.4593,37.644,66,12.0
549,65.9011,37.907,66,12.0
559,65.0362,37.3856,66,12.0
570,65.5815,37.7101,66,12.0
581,65.055,37.39,66,12.0
592,64.7729,37.2175,66,12.0
603,65.6191,37.7215,66,12.0
614,64.5285,37.063,66,12.0
624,64.961,37.3193,66,12.0
635,64.82,37.2297,66,12.0
647,64.3029,36.915,66,12.0
661,64.8576,37.2426,66,12.0
672,64.5943,37.0787,66,12.0
684,64.2747,36.8815,66,12.0
694,64.5191,37.0223,66,12.0
706,64.3499,36.9136,66,12.0
718,64.0208,36.7097,66,12.0
730,64.4439,36.9567,66,12.0
741,64.2559,36.8364,66,12.0
751,63.8046,36.5595,66,12.0
773,63.908,36.6093,66,12.0
784,64.6319,37.0378,66,12.0
795,64.6695,37.0545,66,12.0
806,63.5978,36.4053,66,12.0
818,65.0174,37.2502,66,12.0
829,63.955,36.6058,66,12.0
840,64.3311,36.8254,66,12.0
851,64.6601,37.0158,66,12.0
862,64.1431,36.6996,66,12.0
873,64.5943,36.9642,66,12.0
887,64.3969,36.8375,66,12.0
898,63.6072,36.3565,66,12.0
910,64.1619,36.6825,66,12.0
920,64.7447,37.0246,66,12.0
932,63.8892,36.5066,66,12.0
944,64.7353,37.0092,66,12.0
958,65.1584,37.2566,66,12.0
969,64.0866,36.6082,66,12.0
979,64.961,37.1285,66,12.0
990,64.8858,37.0794,66,12.0
1001,64.6037,36.9073,66,12.0
1012,65.4781,37.4283,66,12.0
1024,64.5849,36.8884,66,12.0
1035,65.1772,37.2397,66,12.0
1046,65.196,37.2482,66,12.0
1057,65.1208,37.201,66,12.0
1068,65.3088,37.3111,66,12.0
1079,65.3652,37.3424,66,12.0
1091,65.1772,37.2267,66,12.0
1102,65.8729,37.6419,66,12.0
1112,65.4311,37.3762,66,12.0
1125,65.9199,37.6692,66,12.0
1136,65.5721,37.4594,66,12.0
1147,65.8729,37.64,66,12.0
1158,65.9763,37.7018,66,12.0
1168,65.4687,37.3964,66,12.0
1179,66.4652,37.9949,66,12.0
1190,66.5122,38.0239,66,12.0
1202,65.8917,37.6533,66,12.0
1213,66.0139,37.7271,66,12.0
1224,66.2302,37.8569,66,12.0
1235,66.7755,38.1861,66,12.0
1247,67.0293,38.3406,66,12.0
1259,66.343,37.9321,66,12.0
1270,66.8225,38.2224,66,12.0
1281,67.2173,38.4624,66,12.0
1292,66.9259,38.2917,66,12.0
1304,67.4806,38.629,66,12.0
1316,67.4242,38.599,66,12.0
1327,67.0763,38.3956,66,12.0
1338,67.819,38.8463,66,12.0
1349,67.1891,38.4718,66,12.0
1359,67.3772,38.5897,66,12.0
1371,68.0447,38.9956,66,12.0
1382,67.2079,38.4998,66,12.0
1393,67.3208,38.5712,66,12.0
1403,67.5558,38.7184,66,12.0
1414,67.7344,38.8301,66,12.0
1427,67.5464,38.7253,66,12.0
1439,68.0165,39.0145,66,12.0
1450,67.7438,38.8569,66,12.0
1461,67.9977,39.0161,66,12.0
1472,68.543,39.3507,66,12.0
1485,67.6028,38.7944,66,12.0
1498,67.6592,38.8379,66,12.0
1509,67.9507,39.0198,66,12.0
1520,67.6028,38.8183,66,12.0
1531,68.0729,39.1078,66,12.0
1541,68.1105,39.1366,66,12.0
1552,67.631,38.8567,66,12.0
1563,68.5618,39.4237,66,12.0
1574,67.9883,39.0872,66,12.0
1585,68.4959,39.4014,66,12.0
1596,68.6652,39.5116,66,12.0
1607,67.9036,39.0634,66,12.0
1620,68.4583,39.4058,66,12.0
1630,68.7216,39.5724,66,12.0
1641,68.0447,39.1752,66,12.0
1653,68.5335,39.4771,66,12.0
1665,68.1105,39.2317,66,12.0
1677,67.7532,39.0267,66,12.0
1687,68.5712,39.5247,66,12.0
1698,67.9789,39.1766,66,12.0
1710,68.5053,39.5015,66,12.0
1721,68.0541,39.2377,66,12.0
1731,67.8096,39.0991,66,12.0
1743,68.2609,39.3771,66,12.0
1753,67.9224,39.1811,66,12.0
1764,68.0729,39.2783,66,12.0
1775,67.6968,39.0589,66,12.0
1787,67.631,39.0271,66,12.0
1801,67.7908,39.1312,66,12.0
1812,67.8284,39.1598,66,12.0
1823,66.8037,38.5505,66,12.0
1834,68.2891,39.4479,66,12.0
1846,67.4618,38.9573,66,12.0
1857,67.5464,39.0144,66,12.0
1867,67.7908,39.1657,66,12.0
1878,67.1139,38.7647,66,12.0
1889,67.6968,39.1194,66,12.0
1900,66.8037,38.5884,66,12.0
1911,66.9447,38.6775,66,12.0
1922,67.0199,38.7257,66,12.0
1933,66.6814,38.5271,66,12.0
1944,66.9165,38.6711,66,12.0
1955,66.5216,38.4362,66,12.0
1967,66.296,38.3039,66,12.0
1981,66.7755,38.5941,66,12.0
1992,66.3524,38.3414,66,12.0
2003,65.9951,38.1288,66,12.0
2014,66.5028,38.4338,66,12.0
2026,66.061,38.1695,66,12.0
2041,65.6943,37.9498,66,12.0
2052,66.1738,38.2365,66,12.0
2063,65.9105,38.078,66,12.0
2074,66.0892,38.1856,66,12.0
2086,65.8447,38.0378,66,12.0
2100,65.6097,37.8947,66,12.0
2111,65.2242,37.6614,66,12.0
2122,65.9857,38.1169,66,12.0
2134,64.8388,37.4257,66,12.0
2146,65.008,37.5239,66,12.0
2158,65.3276,37.7121,66,12.0
2169,64.8106,37.3979,66,12.0
2180,65.0926,37.5643,66,12.0
2191,64.7353,37.3444,66,12.0
2213,64.9704,37.4767,66,12.0
2224,63.6448,36.6744,66,12.0
2235,64.8388,37.3855,66,12.0
2246,64.1055,36.9389,66,12.0
2257,64.6789,37.2771,66,12.0
2268,64.3875,37.0951,66,12.0
2279,64.1619,36.9531,66,12.0
2291,64.2089,36.9726,66,12.0
2302,63.5884,36.5925,66,12.0
2313,64.1243,36.9061,66,12.0
2325,63.6166,36.5927,66,12.0
2339,63.4661,36.4921,66,12.0
2350,63.6636,36.6015,66,12.0
2361,63.72,36.6279,66,12.0
2372,63.8328,36.6862,66,12.0
2385,63.1559,36.2702,66,12.0
2398,63.4473,36.4342,66,12.0
2410,63.6354,36.5374,66,12.0
2421,63.7576,36.602,66,12.0
2431,63.8516,36.6499,66,12.0
2454,63.438,36.3834,66,12.0
2465,63.3815,36.3415,66,12.0
2476,63.1089,36.1675,66,12.0
2486,63.579,36.4409,66,12.0
2497,63.4191,36.3342,66,12.0
2508,63.5884,36.4291,66,12.0
2520,63.7388,36.5092,66,12.0
2531,63.0995,36.116,66,12.0
2542,63.9456,36.6154,66,12.0
2553,63.7482,36.4873,66,12.0
2566,62.9961,36.0264,66,12.0
2578,63.9832,36.6088,66,12.0
2589,63.438,36.2729,66,12.0
2600,63.5414,36.3265,66,12.0
2612,63.8234,36.4856,66,12.0
2632,64.5003,36.8779,66,12.0
2643,64.0208,36.5821,66,12.0
2654,64.3311,36.7628,66,12.0
2665,63.8046,36.4387,66,12.0
2675,63.6918,36.3644,66,12.0
2687,64.6225,36.916,66,12.0
2698,64.5191,36.8478,66,12.0
2709,64.4815,36.8202,66,12.0
2720,64.2841,36.6949,66,12.0
2731,64.4721,36.8022,66,12.0
2741,64.6507,36.9035,66,12.0
2765,64.914,37.0509,66,12.0
2776,64.914,37.0452,66,12.0
2787,64.8012,36.9743,66,12.0
2798,65.149,37.1781,66,12.0
2810,64.5943,36.8402,66,12.0
2822,65.4593,37.3559,66,12.0
2833,65.5721,37.4207,66,12.0
2843,64.4533,36.7457,66,12.0
2854,65.9387,37.6346,66,12.0
2866,65.2054,37.192,66,12.0
2879,65.196,37.1841,66,12.0
2890,65.8259,37.5597,66,12.0
2901,65.384,37.293,66,12.0
2912,66.0139,37.6711,66,12.0
2925,66.0139,37.6699,66,12.0
2938,65.3558,37.2737,66,12.0
2948,66.2584,37.8159,66,12.0
2959,66.39,37.8949,66,12.0
2970,65.8353,37.5631,66,12.0
2981,66.8789,38.1898,66,12.0
2992,66.437,37.9264,66,12.0
3003,66.7379,38.1091,66,12.0
3014,66.2678,37.8285,66,12.0
3025,67.2267,38.407,66,12.0
3035,66.4652,37.9517,66,12.0
3049,66.7003,38.0969,66,12.0
3061,67.1609,38.3767,66,12.0
3073,67.0293,38.3008,66,12.0
3083,67.2173,38.4177,66,12.0
3096,67.6592,38.6887,66,12.0
3107,67.1891,38.4109,66,12.0
3121,67.866,38.8242,66,12.0
3131,67.8284,38.8078,66,12.0
3144,67.2643,38.475,66,12.0
3154,67.8378,38.8254,66,12.0
3167,67.8284,38.8259,66,12.0
3178,67.4712,38.6192,66,12.0
3192,68.1105,39.0115,66,12.0
3203,67.9883,38.9444,66,12.0
3215,68.0917,39.0151,66,12.0
3226,68.4771,39.2557,66,12.0
3241,68.3643,39.1976,66,12.0
3252,68.0823,39.0375,66,12.0
3264,68.1951,39.1136,66,12.0
3275,68.543,39.332,66,12.0
3287,68.1387,39.0987,66,12.0
3299,68.2139,39.1537,66,12.0
3312,69.0412,39.6616,66,12.0
3323,69.2669,39.8071,66,12.0
3335,68.3079,39.2441,66,12.0
3346,68.7874,39.5433,66,12.0
3360,69.4173,39.9337,66,12.0
3371,68.4301,39.353,66,12.0
3381,68.778,39.5713,66,12.0
3392,68.7592,39.5695,66,12.0
3406,68.919,39.678,66,12.0
3418,69.2951,39.9175,66,12.0
3429,69.8874,40.2852,66,12.0
3440,69.1164,39.8344,66,12.0
3451,69.4173,40.028,66,12.0
3462,69.7933,40.2654,66,12.0
3485,69.972,40.4014,66,12.0
3496,68.8908,39.7639,66,12.0
3507,69.7463,40.2894,66,12.0
3518,69.5301,40.1732,66,12.0
3529,69.5395,40.1924,66,12.0
3540,70.0942,40.5384,66,12.0
3551,69.013,39.9043,66,12.0
3562,69.8874,40.4403,66,12.0
3574,69.4455,40.1899,66,12.0
3587,69.248,40.0864,66,12.0
3600,69.7557,40.4081,66,12.0
3611,69.6711,40.3692,66,12.0
3622,69.5771,40.3272,66,12.0
3633,69.7181,40.425,66,12.0
3646,69.3609,40.2253,66,12.0
3659,69.9062,40.5691,66,12.0
3669,69.6711,40.4408,66,12.0
3680,69.0882,40.1026,66,12.0
3692,70.1694,40.7657,66,12.0
3704,69.7087,40.5029,66,12.0
3717,69.2763,40.2594,66,12.0
3728,70.0002,40.707,66,12.0
3738,69.3891,40.3524,66,12.0
3749,69.5583,40.4662,66,12.0
3760,70.1036,40.8064,66,12.0
3771,69.248,40.3058,66,12.0
3785,69.5677,40.5142,66,12.0
3796,69.8592,40.7018,66,12.0
3807,69.2198,40.3309,66,12.0
3818,69.878,40.7394,66,12.0
3830,69.878,40.7532,66,12.0
3842,69.0224,40.2533,66,12.0
3853,69.7933,40.7286,66,12.0
3864,69.248,40.4124,66,12.0
3874,69.1728,40.3794,66,12.0
3886,69.7557,40.7412,66,12.0
3898,69.1541,40.3929,66,12.0
3909,68.8532,40.225,66,12.0
3919,69.7463,40.772,66,12.0
3930,69.3421,40.5407,66,12.0
3941,69.8968,40.8858,66,12.0
3952,69.2951,40.536,66,12.0
3963,68.8344,40.2728,66,12.0
3974,69.6523,40.7741,66,12.0
3986,68.7498,40.2448,66,12.0
3996,69.1541,40.4999,66,12.0
4008,69.5771,40.7659,66,12.0
4019,68.5053,40.1341,66,12.0
4031,69.1917,40.5588,66,12.0
4042,69.2857,40.6259,66,12.0
4053,69.0506,40.4951,66,12.0
4066,69.4173,40.7289,66,12.0
4079,69.3891,40.7248,66,12.0
4090,68.2045,40.0238,66,12.0
4101,68.7592,40.3676,66,12.0
4113,69.06,40.5591,66,12.0
4128,68.4959,40.2336,66,12.0
4139,68.3925,40.1825,66,12.0
4150,69.0788,40.6031,66,12.0
4160,68.2139,40.0934,66,12.0
4172,68.7968,40.4528,66,12.0
4184,68.919,40.5356,66,12.0
4197,68.0165,40.0048,66,12.0
4207,68.4677,40.2848,66,12.0
4218,68.5524,40.3436,66,12.0
4229,67.725,39.8551,66,12.0
4240,68.5994,40.3887,66,12.0
4251,68.2233,40.1707,66,12.0
4262,67.9224,39.999,66,12.0
4273,68.3361,40.2544,66,12.0
4283,67.8472,39.9682,66,12.0
4294,67.9601,40.0431,66,12.0
4306,68.2421,40.2199,66,12.0
4318,67.4524,39.7545,66,12.0
4329,67.7626,39.9472,66,12.0
4341,68.3549,40.3096,66,12.0
4351,67.3395,39.7072,66,12.0
4373,67.8472,40.0245,66,12.0
4384,67.5182,39.8339,66,12.0
4395,67.6122,39.8954,66,12.0
4406,67.4054,39.7771,66,12.0
4417,67.678,39.9476,66,12.0
4428,67.8942,40.083,66,12.0
4439,67.1703,39.6537,66,12.0
4451,67.7908,40.0324,66,12.0
4462,67.9036,40.106,66,12.0
4475,66.9071,39.5138,66,12.0
4486,67.4148,39.8242,66,12.0
4497,67.1797,39.6864,66,12.0
4510,67.0481,39.6128,66,12.0
4521,67.0481,39.6176,66,12.0
4533,67.2362,39.7343,66,12.0
4546,66.7285,39.4338,66,12.0
4558,67.5464,39.9302,66,12.0
4569,67.4712,39.889,66,12.0
4579,67.0105,39.6175,66,12.0
4591,67.5558,39.9491,66,12.0
4602,66.9541,39.5923,66,12.0
4621,66.8883,39.5599,66,12.0
4632,66.155,39.1237,66,12.0
4643,67.3208,39.8267,66,12.0
4655,66.5028,39.3392,66,12.0
4667,66.7191,39.4728,66,12.0
4679,67.0481,39.6727,66,12.0
4690,66.6627,39.4438,66,12.0
4701,66.7097,39.4759,66,12.0
4711,67.1891,39.7658,66,12.0
4733,67.0669,39.6992,66,12.0
4744,66.6814,39.4699,66,12.0
4755,66.7661,39.524,66,12.0
4766,67.0575,39.702,66,12.0
4776,66.5028,39.3726,66,12.0
4787,67.0387,39.6983,66,12.0
4798,66.7567,39.5318,66,12.0
4811,66.6062,39.4462,66,12.0
4822,67.0763,39.7311,66,12.0
4833,66.8413,39.592,66,12.0
4845,66.4746,39.3757,66,12.0
4859,66.578,39.441,66,12.0
4869,67.0763,39.7422,66,12.0
4883,66.7379,39.5424,66,12.0
4894,66.5592,39.4381,66,12.0
4907,67.49,40.0003,66,12.0
4919,66.5122,39.4166,66,12.0
4931,66.8695,39.635,66,12.0
4943,67.2925,39.8929,66,12.0
4955,66.6909,39.5346,66,12.0
4967,66.4934,39.4199,66,12.0
4983,66.4934,39.4235,66,12.0
4994,66.8413,39.6347,66,12.0
5004,66.484,39.4231,66,12.0
5016,67.1045,39.7991,66,12.0
5028,67.1515,39.8303,66,12.0
5039,66.4276,39.3985,66,12.0
5053,66.7661,39.6049,66,12.0
5064,66.7755,39.6124,66,12.0
5076,66.2302,39.2874,66,12.0
5087,66.7473,39.6011,66,12.0
5101,66.6062,39.5177,66,12.0
5112,66.1738,39.2586,66,12.0
5123,66.5122,39.4638,66,12.0
5135,66.6438,39.5435,66,12.0
5146,66.061,39.1945,66,12.0
5160,65.7507,39.0089,66,12.0
5171,66.0045,39.16,66,12.0
5182,66.2678,39.3186,66,12.0
5193,65.9199,39.1101,66,12.0
5205,65.3182,38.749,66,12.0
5218,65.8447,39.0634,66,12.0
5229,65.2524,38.7057,66,12.0
5241,65.8447,39.0589,66,12.0
5251,64.6883,38.3614,66,12.0
5271,64.7447,38.3879,66,12.0
5282,64.5661,38.2765,66,12.0
5293,65.1678,38.6329,66,12.0
5304,64.2183,38.0591,66,12.0
5314,64.1807,38.0312,66,12.0
5328,64.7072,38.3396,66,12.0
5340,63.6636,37.7058,66,12.0
5352,63.6166,37.669,66,12.0
5363,64.2277,38.0282,66,12.0
5375,63.9926,37.8784,66,12.0
5387,63.6072,37.6395,66,12.0
5398,64.0396,37.8913,66,12.0
5411,63.4286,37.514,66,12.0
5422,63.8328,37.7487,66,12.0
5434,64.0114,37.8466,66,12.0
5447,63.7576,37.6835,66,12.0
5458,63.3063,37.4043,66,12.0
5469,63.3627,37.4271,66,12.0
5481,64.1055,37.8637,66,12.0
5491,63.2875,37.3648,66,12.0
5505,63.3251,37.3756,66,12.0
5519,63.0807,37.2154,66,12.0
5531,63.0149,37.1641,66,12.0
5542,62.9021,37.0852,66,12.0
5553,63.5037,37.4356,66,12.0
5565,62.8833,37.0524,66,12.0
5579,63.1653,37.209,66,12.0
5589,62.5354,36.8199,66,12.0
5603,63.0995,37.1426,66,12.0
5616,62.0935,36.5262,66,12.0
5627,63.3533,37.2697,66,12.0
5642,63.4191,37.2952,66,12.0
5653,62.761,36.889,66,12.0
5664,63.72,37.4548,66,12.0
5674,63.0901,37.0663,66,12.0
5686,63.1277,37.0791,66,12.0
5699,63.2875,37.1622,66,12.0
5710,63.2499,37.128,66,12.0
5721,62.714,36.7958,66,12.0
5731,63.0055,36.9586,66,12.0
5753,62.6106,36.6974,66,12.0
5765,62.432,36.5765,66,12.0
5776,62.667,36.7048,66,12.0
5787,62.4226,36.5458,66,12.0
5799,62.526,36.5947,66,12.0
5810,62.5166,36.5755,66,12.0
5822,62.291,36.4266,66,12.0
5833,62.3474,36.4472,66,12.0
5844,62.7704,36.6882,66,12.0
5855,62.2722,36.3757,66,12.0
5866,62.8739,36.7234,66,12.0
5878,62.2158,36.3148,66,12.0
5889,62.5166,36.4831,66,12.0
5899,62.8363,36.6626,66,12.0
5910,62.0935,36.2048,66,12.0
5921,62.714,36.5647,66,12.0
5932,62.6388,36.5056,66,12.0
5943,61.8585,36.0249,66,12.0
5955,62.5448,36.4218,66,12.0
5966,62.0747,36.1262,66,12.0
5976,62.0841,36.1196,66,12.0
5987,62.5166,36.3653,66,12.0
5998,62.2346,36.1834,66,12.0
6010,62.7798,36.4993,66,12.0
6020,62.9491,36.5879,66,12.0
6032,62.7798,36.4755,66,12.0
6044,62.7986,36.4733,66,12.0
6058,62.9679,36.5597,66,12.0
6069,62.6482,36.3571,66,12.0
6080,63.2499,36.7059,66,12.0
6090,62.6388,36.3281,66,12.0
6101,63.2217,36.6675,66,12.0
6112,62.9397,36.4856,66,12.0
6124,62.6388,36.293,66,12.0
6135,62.855,36.4114,66,12.0
6146,62.9397,36.4512,66,12.0
6157,63.3063,36.6602,66,12.0
6168,63.0337,36.4853,66,12.0
6180,62.5636,36.1929,66,12.0
6191,63.5131,36.7524,66,12.0
6202,63.1841,36.5447,66,12.0
6213,63.0995,36.4849,66,12.0
6227,64.2371,37.1563,66,12.0
6239,63.4567,36.6784,66,12.0
6249,63.6824,36.8064,66,12.0
6260,63.673,36.7922,66,12.0
6271,63.6918,36.7968,66,12.0
6283,64.049,37.003,66,12.0
6303,64.5567,37.2957,66,12.0
6314,64.2089,37.0807,66,12.0
6324,63.6542,36.7409,66,12.0
6335,64.2653,37.1001,66,12.0
6346,63.72,36.7658,66,12.0
6360,64.4909,37.2208,66,12.0
6370,64.3123,37.1071,66,12.0
6381,63.7294,36.7512,66,12.0
6392,64.6695,37.3093,66,12.0
6404,64.7447,37.3481,66,12.0
6418,64.6037,37.2587,66,12.0
6429,65.3088,37.6788,66,12.0
6440,64.7729,37.3532,66,12.0
6450,64.8388,37.3898,66,12.0
6461,65.5439,37.8104,66,12.0
6472,64.9234,37.4354,66,12.0
6483,65.6567,37.872,66,12.0
6494,65.9575,38.0507,66,12.0
6505,65.4028,37.7165,66,12.0
6516,66.2114,38.1997,66,12.0
6527,65.5439,37.799,66,12.0
6540,65.6661,37.8708,66,12.0
6551,66.249,38.2206,66,12.0
6563,65.6285,37.8478,66,12.0
6574,66.4746,38.3569,66,12.0
6588,66.1644,38.1704,66,12.0
6599,65.4969,37.7698,66,12.0
6610,66.0328,38.0921,66,12.0
6621,66.1174,38.1426,66,12.0
6632,65.8071,37.9574,66,12.0
6646,66.578,38.4213,66,12.0
6658,66.4464,38.343,66,12.0
6669,66.3994,38.3169,66,12.0
6681,66.0045,38.0799,66,12.0
6691,66.4934,38.3749,66,12.0
6710,66.5874,38.4371,66,12.0
6721,66.4182,38.3366,66,12.0
6732,66.5968,38.4485,66,12.0
6743,67.5182,39.0044,66,12.0
6753,67.2643,38.8563,66,12.0
6765,67.3678,38.9246,66,12.0
6777,67.631,39.0873,66,12.0
6790,67.5934,39.0725,66,12.0
6801,67.9601,39.2991,66,12.0
6814,67.6874,39.1423,66,12.0
6826,67.8472,39.2465,66,12.0
6839,68.4677,39.6272,66,12.0
6850,68.0729,39.3981,66,12.0
6862,68.1575,39.4582,66,12.0
6873,68.4959,39.6689,66,12.0
6885,67.9224,39.3328,66,12.0
6897,67.8472,39.2973,66,12.0
6908,68.8814,39.9263,66,12.0
6919,67.7344,39.2455,66,12.0
6930,68.3643,39.6318,66,12.0
6941,68.3455,39.6283,66,12.0
6952,67.8378,39.3328,66,12.0
6963,68.7498,39.8899,66,12.0
6974,68.1481,39.536,66,12.0
6985,68.1575,39.5504,66,12.0
6997,68.5241,39.7797,66,12.0
7008,67.8096,39.3598,66,12.0
7019,68.1199,39.5543,66,12.0
7029,68.0823,39.5387,66,12.0
7040,67.6592,39.292,66,12.0
7051,68.0917,39.5581,66,12.0
7063,67.725,39.3453,66,12.0
7082,67.5276,39.2378,66,12.0
7093,67.5464,39.256,66,12.0
7104,67.7062,39.358,66,12.0
7116,67.349,39.1491,66,12.0
7128,67.0481,38.9743,66,12.0
7139,67.7156,39.3793,66,12.0
7149,67.0011,38.9555,66,12.0
7160,67.2643,39.1177,66,12.0
7171,67.4336,39.2234,66,12.0
7182,67.1703,39.0706,66,12.0
7200,66.5216,38.6886,66,12.0
7211,67.3772,39.2051,66,12.0
7222,66.3148,38.5709,66,12.0
7233,66.7191,38.8168,66,12.0
7245,66.9823,38.9771,66,12.0
7258,66.6438,38.7764,66,12.0
7269,66.061,38.429,66,12.0
7280,66.6251,38.7684,66,12.0
7292,66.0986,38.4543,66,12.0
7304,66.7097,38.8228,66,12.0
7318,66.39,38.6325,66,12.0
7329,66.2584,38.555,66,12.0
7340,66.2678,38.5628,66,12.0
7351,66.1362,38.4831,66,12.0
7372,66.2208,38.5341,66,12.0
7384,66.1268,38.4778,66,12.0
7394,65.1114,37.8676,66,12.0
7405,65.9857,38.3909,66,12.0
7416,65.29,37.9722,66,12.0
7427,65.8729,38.3204,66,12.0
7439,65.7695,38.2561,66,12.0
7450,64.8952,37.7296,66,12.0
7461,65.5721,38.133,66,12.0
7472,65.3652,38.0059,66,12.0
7486,64.5849,37.5348,66,12.0
7498,65.4781,38.0678,66,12.0
7508,65.3652,37.9969,66,12.0
7519,65.3088,37.9614,66,12.0
7530,65.3935,38.008,66,12.0
7541,64.4251,37.4232,66,12.0
7565,64.4439,37.4242,66,12.0
7576,64.002,37.1526,66,12.0
7586,64.5943,37.5029,66,12.0
7597,64.5003,37.4409,66,12.0
7609,63.626,36.9088,66,12.0
7620,64.1243,37.2008,66,12.0
7630,63.7858,36.9892,66,12.0
7641,63.7764,36.9769,66,12.0
7652,63.6166,36.8709,66,12.0
7664,63.2687,36.6527,66,12.0
7677,63.3815,36.7097,66,12.0
7687,63.3627,36.6881,66,12.0
7698,62.9773,36.4473,66,12.0
7710,63.532,36.7681,66,12.0
7720,62.573,36.1821,66,12.0
7731,63.532,36.7466,66,12.0
7743,63.0713,36.4577,66,12.0
7754,62.5166,36.114,66,12.0
7765,63.0995,36.4526,66,12.0
7775,62.8833,36.3109,66,12.0
7787,62.7798,36.238,66,12.0
7801,63.532,36.6756,66,12.0
7812,63.0713,36.3884,66,12.0
7824,63.3345,36.5365,66,12.0
7834,63.4944,36.6218,66,12.0
7846,62.7892,36.1891,66,12.0
7858,63.1465,36.3918,66,12.0
7869,63.1559,36.3877,66,12.0
7880,62.7704,36.1466,66,12.0
7890,63.7012,36.6953,66,12.0
7902,63.0995,36.324,66,12.0
7921,63.72,36.6794,66,12.0
7932,62.9397,36.2033,66,12.0
7945,64.002,36.8288,66,12.0
7956,63.3439,36.4238,66,12.0
7967,63.9174,36.7599,66,12.0
7979,63.767,36.6591,66,12.0
7991,62.855,36.1016,66,12.0
8002,63.9644,36.7596,66,12.0
8013,63.4756,36.4565,66,12.0
8025,63.438,36.4257,66,12.0
8038,64.2559,36.9077,66,12.0
8049,64.0584,36.781,66,12.0
8061,63.3251,36.3328,66,12.0
8072,63.8422,36.6339,66,12.0
8084,63.3533,36.3302,66,12.0
8099,62.9209,36.0581,66,12.0
8109,63.8234,36.5911,66,12.0
8121,63.908,36.6331,66,12.0
8131,63.9926,36.6775,66,12.0
8144,64.9234,37.2289,66,12.0
8155,64.1431,36.754,66,12.0
8166,64.3123,36.8499,66,12.0
8177,64.7072,37.0803,66,12.0
8187,64.0396,36.6744,66,12.0
8198,64.9798,37.2327,66,12.0
8209,63.9174,36.5894,66,12.0
8220,64.5097,36.939,66,12.0
8231,64.9892,37.2199,66,12.0
8242,63.8422,36.526,66,12.0
8254,64.9328,37.1741,66,12.0
8266,64.5943,36.9649,66,12.0
8278,63.955,36.5754,66,12.0
8289,65.1678,37.2973,66,12.0
8300,64.2089,36.7173,66,12.0
8310,64.5285,36.9044,66,12.0
8321,64.6037,36.9439,66,12.0
8342,65.2618,37.3299,66,12.0
8353,64.4345,36.829,66,12.0
8363,64.5379,36.8863,66,12.0
8374,64.7918,37.0325,66,12.0
8387,64.2183,36.6838,66,12.0
8398,65.1396,37.2311,66,12.0
8411,65.1114,37.2084,66,12.0
8422,64.5473,36.8662,66,12.0
8433,65.4311,37.3926,66,12.0
8446,64.7542,36.9808,66,12.0
8457,64.6131,36.8922,66,12.0
8468,65.243,37.2658,66,12.0
8478,64.8764,37.0427,66,12.0
8489,65.2806,37.2822,66,12.0
8500,65.4875,37.4024,66,12.0
8510,65.3088,37.2941,66,12.0
8521,65.4405,37.3698,66,12.0
8532,64.7542,36.9548,66,12.0
8543,65.0644,37.137,66,12.0
8553,65.0832,37.1449,66,12.0
8565,65.29,37.2673,66,12.0
8578,65.2712,37.2532,66,12.0
8589,65.1772,37.1943,66,12.0
8600,65.6097,37.4522,66,12.0
8611,65.9669,37.6648,66,12.0
8633,66.0422,37.7076,66,12.0
8644,66.0422,37.7066,66,12.0
8654,65.7131,37.5096,66,12.0
8665,65.7977,37.559,66,12.0
8676,65.6943,37.4966,66,12.0
8687,66.4558,37.9535,66,12.0
8701,66.4182,37.9294,66,12.0
8712,65.7977,37.5573,66,12.0
8724,66.343,37.8845,66,12.0
8734,65.8259,37.5732,66,12.0
8748,65.6379,37.4603,66,12.0
8760,66.0045,37.6796,66,12.0
8772,65.9481,37.6443,66,12.0
8783,65.5909,37.4304,66,12.0
8797,66.249,37.8249,66,12.0
8809,66.3148,37.8642,66,12.0
8821,65.5063,37.3792,66,12.0
8832,66.3994,37.9145,66,12.0
8843,65.7695,37.5366,66,12.0
8854,65.5533,37.4072,66,12.0
8867,66.3712,37.8979,66,12.0
8878,66.0516,37.7067,66,12.0
8891,66.4276,37.9343,66,12.0
8902,66.531,37.9967,66,12.0
8913,65.9293,37.6371,66,12.0
8926,66.8601,38.1983,66,12.0
8938,66.9541,38.256,66,12.0
8948,66.5874,38.0392,66,12.0
8960,67.1139,38.3583,66,12.0
8970,66.3336,37.8926,66,12.0
8981,66.8413,38.2006,66,12.0
8992,66.7285,38.135,66,12.0
9003,66.7191,38.133,66,12.0
9014,67.1985,38.4249,66,12.0
9025,67.0575,38.3435,66,12.0
9037,67.0105,38.3202,66,12.0
9047,67.4712,38.6001,66,12.0
9060,66.8225,38.2158,66,12.0
9071,67.2738,38.4912,66,12.0
9083,67.4994,38.6308,66,12.0
9094,66.8601,38.2527,66,12.0
9106,67.6874,38.7539,66,12.0
9118,67.5088,38.6517,66,12.0
9129,66.9541,38.3237,66,12.0
9140,67.443,38.6211,66,12.0
9151,67.302,38.5411,66,12.0
9165,67.1139,38.4343,66,12.0
9178,67.4524,38.6429,66,12.0
9189,67.537,38.6983,66,12.0
9200,66.8413,38.2857,66,12.0
9211,67.8848,38.9161,66,12.0
9221,67.0387,38.4134,66,12.0
9233,67.913,38.9439,66,12.0
9244,67.5088,38.7064,66,12.0
9255,67.2643,38.566,66,12.0
9266,67.7908,38.8865,66,12.0
9276,67.0669,38.4574,66,12.0
9288,67.6404,38.8074,66,12.0
9299,67.819,38.9198,66,12.0
9311,67.7814,38.9044,66,12.0
9322,68.1199,39.1147,66,12.0
9333,67.7626,38.9065,66,12.0
9345,67.8754,38.9831,66,12.0
9360,68.2609,39.2239,66,12.0
9370,68.0823,39.1233,66,12.0
9382,68.1481,39.1702,66,12.0
9393,68.5053,39.3931,66,12.0
9405,68.3173,39.2884,66,12.0
9417,67.8754,39.0339,66,12.0
9428,68.9002,39.6585,66,12.0
9439,68.6088,39.4913,66,12.0
9450,68.4019,39.3779,66,12.0
9461,68.8532,39.6582,66,12.0
9482,68.9754,39.7495,66,12.0
9493,68.684,39.5847,66,12.0
9504,68.5147,39.4922,66,12.0
9515,68.6746,39.5974,66,12.0
9527,68.4207,39.455,66,12.0
9541,68.684,39.6273,66,12.0
9551,68.8532,39.7383,66,12.0
9563,68.4865,39.5283,66,12.0
9574,68.9754,39.832,66,12.0
9585,69.0506,39.8876,66,12.0
9601,68.5053,39.575,66,12.0
9612,68.9378,39.846,66,12.0
9623,69.3703,40.1164,66,12.0
9634,68.4489,39.5742,66,12.0
9646,69.3421,40.1227,66,12.0
9660,69.3515,40.1424,66,12.0
9671,68.3737,39.5666,66,12.0
9683,68.8626,39.8714,66,12.0
9693,68.3079,39.5497,66,12.0
9706,69.6523,40.3694,66,12.0
9718,69.06,40.0254,66,12.0
9729,68.7874,39.8721,66,12.0
9740,69.6805,40.4191,66,12.0
9751,68.59,39.7756,66,12.0
9774,69.2951,40.2219,66,12.0
9785,68.7968,39.934,66,12.0
9796,68.9378,40.03,66,12.0
9806,68.9754,40.0628,66,12.0
9818,69.0224,40.1024,66,12.0
9829,69.3045,40.2822,66,12.0
9840,69.3045,40.2939,66,12.0
9852,68.9284,40.0789,66,12.0
9863,69.5583,40.468,66,12.0
9874,68.7028,39.9661,66,12.0
9885,69.4267,40.4128,66,12.0
9900,69.2763,40.3381,66,12.0
9912,68.9754,40.1676,66,12.0
9923,68.6088,39.9585,66,12.0
9934,69.3891,40.4368,66,12.0
9948,68.8814,40.1452,66,12.0
9960,68.684,40.0387,66,12.0
9971,69.3327,40.4396,66,12.0
9983,68.6558,40.0435,66,12.0
9994,68.3643,39.8788,66,12.0
10007,69.3609,40.4881,66,12.0
10020,69.201,40.4058,66,12.0
10031,68.1763,39.8007,66,12.0
10042,68.9754,40.2903,66,12.0
10053,68.2327,39.8537,66,12.0
10065,68.3831,39.9549,66,12.0
10078,68.9472,40.3045,66,12.0
10088,68.4301,40.0026,66,12.0
10099,68.2703,39.9156,66,12.0
10110,68.6182,40.1324,66,12.0
10121,68.1293,39.8477,66,12.0
10132,68.872,40.3032,66,12.0
10143,68.731,40.2266,66,12.0
10153,68.0823,39.8465,66,12.0
10165,68.4677,40.086,66,12.0
10176,68.0071,39.8174,66,12.0
10187,68.2045,39.9452,66,12.0
10199,68.8908,40.3669,66,12.0
10210,67.9883,39.8337,66,12.0
10220,68.5994,40.2096,66,12.0
10231,68.3925,40.0934,66,12.0
10254,68.966,40.4548,66,12.0
10265,68.0259,39.899,66,12.0
10276,68.1481,39.9814,66,12.0
10286,68.5524,40.231,66,12.0
10297,68.0165,39.9166,66,12.0
10308,68.59,40.2681,66,12.0
10321,67.9036,39.8643,66,12.0
10332,67.6686,39.7304,66,12.0
10343,67.9224,39.8894,66,12.0
10356,68.0541,39.9756,66,12.0
10367,67.49,39.6436,66,12.0
10380,67.913,39.9055,66,12.0
10390,67.7908,39.8377,66,12.0
10401,67.6968,39.7878,66,12.0
10412,67.7908,39.8499,66,12.0
10425,67.2925,39.5573,66,12.0
10436,67.2831,39.5577,66,12.0
10447,67.4806,39.6804,66,12.0
10458,67.3772,39.6234,66,12.0
10468,67.3866,39.6345,66,12.0
10479,67.2831,39.5758,66,12.0
10490,66.8131,39.2983,66,12.0
10501,67.2173,39.5438,66,12.0
10513,66.7473,39.2653,66,12.0
10523,67.1515,39.5121,66,12.0
10534,66.8037,39.3065,66,12.0
10547,66.2584,38.9821,66,12.0
10561,66.4746,39.1168,66,12.0
10572,66.6533,39.2256,66,12.0
10583,66.2772,39.001,66,12.0
10595,66.5498,39.1667,66,12.0
10607,66.7943,39.3148,66,12.0
10621,65.9575,38.8145,66,12.0
10631,66.0422,38.8667,66,12.0
10643,66.5028,39.1437,66,12.0
10654,65.9481,38.8105,66,12.0
10666,65.6285,38.6192,66,12.0
10680,66.2396,38.9851,66,12.0
10691,66.0704,38.883,66,12.0
10702,65.1866,38.3527,66,12.0
10714,66.2584,38.9945,66,12.0
10726,65.8071,38.7217,66,12.0
10739,65.2618,38.3932,66,12.0
10749,65.8729,38.7584,66,12.0
10761,65.0456,38.2586,66,12.0
10772,65.2524,38.3812,66,12.0
10785,65.4122,38.4745,66,12.0
10798,65.2148,38.3512,66,12.0
10809,65.0832,38.2695,66,12.0
10819,64.9234,38.1704,66,12.0
10830,64.6413,37.9968,66,12.0
10841,64.4909,37.9022,66,12.0
10853,64.7542,38.0541,66,12.0
10866,64.2747,37.7604,66,12.0
10876,64.5003,37.8912,66,12.0
10888,64.5849,37.9358,66,12.0
10898,64.2277,37.7163,66,12.0
10910,64.7447,38.0211,66,12.0
10921,64.096,37.6257,66,12.0
10934,63.7012,37.3803,66,12.0
10944,64.6507,37.9436,66,12.0
10956,63.861,37.4624,66,12.0
10969,63.4756,37.2228,66,12.0
10982,64.1619,37.6264,66,12.0
10993,63.5884,37.2741,66,12.0
11004,63.6636,37.3118,66,12.0
11017,63.9268,37.4602,66,12.0
11028,63.955,37.4685,66,12.0
11039,63.1841,36.9974,66,12.0
11050,63.4756,37.162,66,12.0
11060,63.0055,36.8694,66,12.0
11071,63.4661,37.1367,66,12.0
11091,63.2781,37.0067,66,12.0
11102,62.8644,36.7463,66,12.0
11113,62.7328,36.6558,66,12.0
11124,63.0431,36.8312,66,12.0
11135,62.855,36.7074,66,12.0
11147,62.5448,36.5093,66,12.0
11158,62.5636,36.5078,66,12.0
11172,62.2534,36.3053,66,12.0
11182,61.9995,36.1404,66,12.0
11194,62.7798,36.5952,66,12.0
11206,62.291,36.2879,66,12.0
11219,62.1311,36.1743,66,12.0
11230,62.338,36.2864,66,12.0
11241,62.7516,36.5206,66,12.0
11251,62.2534,36.2092,66,12.0
11274,62.1593,36.1267,66,12.0
11285,62.5448,36.3448,66,12.0
11295,62.8739,36.5293,66,12.0
11306,62.1969,36.1091,66,12.0
11317,62.0747,36.0221,66,12.0
11329,62.3944,36.199,66,12.0
11340,62.0747,35.9933,66,12.0
11351,61.9995,35.9347,66,12.0
11362,62.5918,36.2754,66,12.0
11373,62.0089,35.912,66,12.0
11387,62.291,36.0642,66,12.0
11402,62.5166,36.181,66,12.0
11413,62.1029,35.9194,66,12.0
11424,62.3192,36.0365,66,12.0
11435,62.6482,36.2188,66,12.0
11446,62.0277,35.833,66,12.0
11458,62.714,36.2298,66,12.0
11470,62.4226,36.0399,66,12.0
11481,62.3568,35.9894,66,12.0
11494,63.0995,36.4208,66,12.0
11506,62.385,35.9772,66,12.0
11519,62.4038,35.9743,66,12.0
11530,62.2346,35.8598,66,12.0
11541,62.8739,36.2296,66,12.0
11552,63.1465,36.3837,66,12.0
11565,62.7328,36.1224,66,12.0
11579,62.7704,36.1282,66,12.0
11591,62.5636,35.9921,66,12.0
11602,63.5226,36.5564,66,12.0
11613,62.4226,35.8842,66,12.0
11626,63.0149,36.2279,66,12.0
11639,63.5037,36.5081,66,12.0
11649,62.9961,36.1925,66,12.0
11660,63.2405,36.3304,66,12.0
11671,63.4756,36.4601,66,12.0
11683,62.6106,35.9293,66,12.0
11700,62.6482,35.9358,66,12.0
11712,63.4191,36.3886,66,12.0
11723,63.5696,36.4691,66,12.0
11734,63.532,36.438,66,12.0
11746,64.6695,37.1137,66,12.0
11757,63.9456,36.6723,66,12.0
11769,63.7294,36.5347,66,12.0
11780,64.0678,36.7297,66,12.0
11792,63.7952,36.5578,66,12.0
11804,63.9268,36.6298,66,12.0
11816,64.2841,36.8351,66,12.0
11827,64.3123,36.8452,66,12.0
11838,64.2371,36.7948,66,12.0
11849,63.767,36.5039,66,12.0
11859,64.3781,36.8648,66,12.0
11870,64.5849,36.9819,66,12.0
11881,63.8892,36.5587,66,12.0
11892,64.5755,36.9656,66,12.0
11903,64.5567,36.9488,66,12.0
11914,64.5661,36.9501,66,12.0
11926,65.2054,37.3288,66,12.0
11939,64.7635,37.0582,66,12.0
11950,65.149,37.2868,66,12.0
11963,65.1678,37.2942,66,12.0
11974,64.6695,36.9911,66,12.0
11989,64.2183,36.7148,66,12.0
12000,65.0644,37.2178,66,12.0
12012,64.9704,37.1568,66,12.0
12023,64.2747,36.7355,66,12.0
12034,64.8294,37.0625,66,12.0
12046,64.2089,36.6852,66,12.0
12057,64.4533,36.8264,66,12.0
12070,64.6883,36.9612,66,12.0
12081,63.9926,36.5378,66,12.0
12094,64.7918,37.0123,66,12.0
12106,65.055,37.1654,66,12.0
12120,65.1302,37.2057,66,12.0
12131,64.6695,36.9262,66,12.0
12143,65.3652,37.3394,66,12.0
12154,64.8576,37.0316,66,12.0
12166,65.0644,37.1522,66,12.0
12177,65.384,37.3406,66,12.0
12188,64.8764,37.0327,66,12.0
12199,65.4687,37.3856,66,12.0
12210,65.1208,37.1741,66,12.0
12220,65.7413,37.5448,66,12.0
12232,65.3276,37.2933,66,12.0
12243,64.6883,36.907,66,12.0
12253,65.0456,37.1177,66,12.0
12264,64.8294,36.9838,66,12.0
12276,64.6413,36.8671,66,12.0
12287,64.914,37.0246,66,12.0
12302,64.4345,36.7305,66,12.0
12312,64.5379,36.7883,66,12.0
12323,65.0268,37.0766,66,12.0
12334,64.9516,37.0276,66,12.0
12347,64.9892,37.0469,66,12.0
12358,65.7037,37.4724,66,12.0
12369,65.1584,37.1436,66,12.0
12380,65.1866,37.1589,66,12.0
12391,64.8388,36.9463,66,12.0
12411,65.6191,37.4104,66,12.0
12423,65.149,37.1256,66,12.0
12434,65.8447,37.5414,66,12.0
12445,65.0174,37.0421,66,12.0
12457,64.6789,36.8358,66,12.0
12468,65.2994,37.2042,66,12.0
12480,65.0644,37.06,66,12.0
12491,65.3558,37.2326,66,12.0
12502,65.7601,37.4718,66,12.0
12514,64.8952,36.9501,66,12.0
12526,64.6789,36.8167,66,12.0
12538,65.5721,37.3484,66,12.0
12548,64.8858,36.9339,66,12.0
12559,65.6285,37.3764,66,12.0
12570,65.0738,37.0411,66,12.0
12581,65.1208,37.0667,66,12.0
12592,65.6379,37.3727,66,12.0
12604,64.6601,36.7828,66,12.0
12615,65.7413,37.4294,66,12.0
12626,65.4593,37.2565,66,12.0
12637,65.008,36.9835,66,12.0
12652,65.5251,37.2893,66,12.0
12662,65.0268,36.9862,66,12.0
12673,64.7542,36.8201,66,12.0
12684,65.5439,37.291,66,12.0
12696,64.9328,36.921,66,12.0
12708,65.384,37.1894,66,12.0
12721,64.914,36.9031,66,12.0
12732,65.1584,37.046,66,12.0
12743,64.6977,36.7671,66,12.0
12754,65.7131,37.3728,66,12.0
12766,65.2806,37.1101,66,12.0
12777,65.29,37.1141,66,12.0
12790,65.5063,37.2393,66,12.0
12800,64.7353,36.7742,66,12.0
12811,65.2336,37.0705,66,12.0
12834,65.3935,37.1605,66,12.0
12845,64.9892,36.9141,66,12.0
12855,64.8576,36.8315,66,12.0
12866,65.7413,37.3594,66,12.0
12877,65.2806,37.0798,66,12.0
12889,64.8388,36.8127,66,12.0
12900,66.0892,37.5611,66,12.0
12912,65.3276,37.1014,66,12.0
12923,65.4875,37.196,66,12.0
12935,66.0328,37.5204,66,12.0
12947,65.2054,37.0213,66,12.0
12959,65.3182,37.0876,66,12.0
12970,65.5251,37.2102,66,12.0
12982,65.4217,37.1461,66,12.0
12993,66.1362,37.5752,66,12.0
13006,65.9293,37.4505,66,12.0
13017,65.6755,37.2978,66,12.0
13030,66.0516,37.5246,66,12.0
13041,66.8413,37.9997,66,12.0
13054,66.1926,37.612,66,12.0
13067,66.4934,37.7951,66,12.0
13080,67.0387,38.1258,66,12.0
13091,66.8413,38.0098,66,12.0
13101,66.5686,37.8502,66,12.0
13113,67.0857,38.1639,66,12.0
13125,67.1703,38.2191,66,12.0
13139,67.1797,38.231,66,12.0
13150,67.6968,38.5466,66,12.0
13161,66.9635,38.1108,66,12.0
13171,67.2267,38.274,66,12.0
13191,67.1609,38.2436,66,12.0
13202,67.8472,38.6616,66,12.0
13213,67.2549,38.3134,66,12.0
13224,67.678,38.5737,66,12.0
13235,68.3831,39.0035,66,12.0
13246,68.4865,39.0744,66,12.0
13259,68.543,39.1193,66,12.0
13270,68.543,39.1284,66,12.0
13280,68.3267,39.0082,66,12.0
13291,69.107,39.4854,66,12.0
13313,68.9848,39.4345,66,12.0
13324,69.1822,39.5638,66,12.0
13335,68.9848,39.4576,66,12.0
13346,69.7651,39.9382,66,12.0
13357,69.6429,39.8773,66,12.0
13368,69.248,39.6542,66,12.0
13379,69.9438,40.0844,66,12.0
13390,69.6429,39.9177,66,12.0
13401,69.6711,39.948,66,12.0
13411,69.3609,39.7753,66,12.0
13435,69.8027,40.0688,66,12.0
13446,70.1788,40.31,66,12.0
13458,69.8497,40.1274,66,12.0
13469,69.8686,40.1555,66,12.0
13480,70.3386,40.4504,66,12.0
13501,70.019,40.2864,66,12.0
13511,69.5583,40.0247,66,12.0
13523,69.9062,40.2486,66,12.0
13534,69.6147,40.0859,66,12.0
13547,69.878,40.261,66,12.0
13558,69.7369,40.1899,66,12.0
13571,69.6429,40.1501,66,12.0
13582,69.7369,40.2204,66,12.0
13593,69.6993,40.2112,66,12.0
13605,69.5489,40.1359,66,12.0
13619,69.0506,39.8527,66,12.0
13629,69.6805,40.2443,66,12.0
13642,69.6429,40.2353,66,12.0
13652,68.9942,39.8582,66,12.0
13666,68.6558,39.6691,66,12.0
13677,68.919,39.8371,66,12.0
13688,69.107,39.9616,66,12.0
13699,68.59,39.6617,66,12.0
13712,68.9096,39.8642,66,12.0
13730,68.4583,39.6091,66,12.0
13741,68.2233,39.4773,66,12.0
13752,68.3173,39.5428,66,12.0
13763,67.9224,39.3126,66,12.0
13774,67.2549,38.9196,66,12.0
13788,67.7626,39.231,66,12.0
13799,67.7062,39.2023,66,12.0
13810,66.8695,38.706,66,12.0
13822,67.3584,39.0036,66,12.0
13833,66.9259,38.7471,66,12.0
13846,66.1456,38.2829,66,12.0
13859,66.5968,38.5565,66,12.0
13870,66.5028,38.5004,66,12.0
13881,65.4875,37.893,66,12.0
13893,66.3806,38.4294,66,12.0
13905,65.8259,38.0961,66,12.0
13917,65.7601,38.056,66,12.0
13928,65.7225,38.0323,66,12.0
13939,65.8447,38.1041,66,12.0
13949,65.3652,37.8159,66,12.0
13961,65.8353,38.0961,66,12.0
13972,64.914,37.5393,66,12.0
13983,65.4217,37.8414,66,12.0
13994,65.5157,37.8943,66,12.0
14004,64.4627,37.2583,66,12.0
14015,65.0174,37.5884,66,12.0
14026,65.0644,37.6113,66,12.0
14038,64.3969,37.2071,66,12.0
14048,64.9986,37.5634,66,12.0
14060,64.1901,37.0721,66,12.0
14071,64.5943,37.3099,66,12.0
14083,65.3464,37.7557,66,12.0
14101,64.9798,37.5267,66,12.0
14113,64.2183,37.0628,66,12.0
14124,64.0866,36.9783,66,12.0
14134,64.6789,37.3264,66,12.0
14147,63.767,36.7724,66,12.0
14158,64.2089,37.0316,66,12.0
14171,64.2747,37.0618,66,12.0
14182,64.0208,36.904,66,12.0
14193,64.6507,37.2745,66,12.0
14205,63.8986,36.8168,66,12.0
14220,63.6448,36.6555,66,12.0
14231,64.7918,37.337,66,12.0
14242,64.5567,37.1915,66,12.0
14252,64.096,36.9079,66,12.0
14267,64.1243,36.9165,66,12.0
14278,64.7447,37.284,66,12.0
14291,64.4815,37.1183,66,12.0
14302,64.2653,36.9832,66,12.0
14313,64.8106,37.3048,66,12.0
14325,64.7166,37.2421,66,12.0
14338,64.2465,36.954,66,12.0
14349,64.8012,37.2821,66,12.0
14360,64.6037,37.1579,66,12.0
14371,64.6601,37.1875,66,12.0
14384,64.7635,37.2441,66,12.0
14398,65.4311,37.6401,66,12.0
14408,64.7166,37.2076,66,12.0
14421,64.5285,37.0899,66,12.0
14432,65.0362,37.3905,66,12.0
14445,65.055,37.3974,66,12.0
14458,64.6601,37.1569,66,12.0
14472,65.008,37.3606,66,12.0
14483,65.384,37.5829,66,12.0
14494,64.8952,37.2881,66,12.0
14506,65.6943,37.7651,66,12.0
14517,65.3652,37.5645,66,12.0
14528,65.0832,37.3935,66,12.0
14539,65.8447,37.8478,66,12.0
14550,65.1208,37.4107,66,12.0
14561,65.149,37.4253,66,12.0
14572,65.8917,37.8684,66,12.0
14584,64.8388,37.2344,66,12.0
14594,65.6285,37.7063,66,12.0
14606,65.384,37.5573,66,12.0
14617,65.1302,37.4032,66,12.0
14628,65.9011,37.8639,66,12.0
14642,65.5909,37.6745,66,12.0
14653,65.4028,37.5597,66,12.0
14664,65.9199,37.8685,66,12.0
14676,65.3182,37.5047,66,12.0
14688,65.3935,37.5482,66,12.0
14701,65.5345,37.6306,66,12.0
14712,65.3464,37.5157,66,12.0
14723,65.2618,37.464,66,12.0
14735,65.9105,37.8515,66,12.0
14747,65.5909,37.6579,66,12.0
14759,65.4311,37.5611,66,12.0
14771,65.8823,37.8307,66,12.0
14782,65.5439,37.6264,66,12.0
14793,65.1584,37.3946,66,12.0
14805,66.2396,38.0425,66,12.0
14818,65.6849,37.7085,66,12.0
14829,65.4311,37.5552,66,12.0
14840,66.4464,38.164,66,12.0
14851,65.9105,37.8426,66,12.0
14862,65.8823,37.8259,66,12.0
14883,65.5627,37.6349,66,12.0
14893,66.8507,38.4082,66,12.0
14904,66.0892,37.9517,66,12.0
14916,66.0892,37.9529,66,12.0
14927,65.6003,37.6586,66,12.0
14939,65.6943,37.7147,66,12.0
14951,65.9763,37.8845,66,12.0
14962,66.0328,37.9178,66,12.0
14973,65.9481,37.8673,66,12.0
14985,65.8165,37.7897,66,12.0
14998,66.5874,38.2535,66,12.0
15009,65.8165,37.7918,66,12.0
15020,66.0516,37.934,66,12.0
15030,66.484,38.1937,66,12.0
15042,65.5439,37.6305,66,12.0
15063,65.8917,37.8392,66,12.0
15074,66.3524,38.1177,66,12.0
15085,66.3618,38.1232,66,12.0
15096,65.6849,37.718,66,12.0
15107,66.5968,38.2658,66,12.0
15118,66.343,38.1139,66,12.0
15130,66.0986,37.9686,66,12.0
15141,66.9071,38.4557,66,12.0
15154,66.2584,38.0677,66,12.0
15165,66.108,37.98,66,12.0
15176,66.8131,38.405,66,12.0
15187,66.0139,37.9266,66,12.0
15198,66.4746,38.2061,66,12.0
15209,66.6438,38.3096,66,12.0
15220,66.1644,38.0243,66,12.0
15231,66.8977,38.4664,66,12.0
15242,66.9165,38.4798,66,12.0
15252,66.0986,37.9915,66,12.0
15263,67.0011,38.535,66,12.0
15274,65.4405,37.5998,66,12.0
15285,66.6345,38.3175,66,12.0
15298,66.7755,38.4043,66,12.0
15310,66.0986,38.0009,66,12.0
15320,66.9917,38.5392,66,12.0
15332,66.4464,38.2141,66,12.0
15344,66.7473,38.3983,66,12.0
15357,67.1139,38.6217,66,12.0
15369,66.7003,38.3762,66,12.0
15380,66.8225,38.4535,66,12.0
15392,67.0763,38.6089,66,12.0
15405,66.3712,38.1884,66,12.0
15418,66.4182,38.2205,66,12.0
15429,66.4934,38.2679,66,12.0
15440,66.4934,38.269,66,12.0
15451,66.2584,38.1304,66,12.0
15461,66.9071,38.521,66,12.0
15485,66.6533,38.3738,66,12.0
15496,66.7473,38.4316,66,12.0
15507,66.5968,38.344,66,12.0
15518,67.1327,38.6681,66,12.0
15529,66.484,38.2804,66,12.0
15540,66.6438,38.3806,66,12.0
15551,66.9635,38.5745,66,12.0
15562,66.249,38.1486,66,12.0
15573,67.1891,38.7162,66,12.0
15585,67.0669,38.6463,66,12.0
15598,66.7567,38.4659,66,12.0
15609,67.2831,38.785,66,12.0
15620,66.8977,38.5575,66,12.0
15631,66.7097,38.4487,66,12.0
15643,67.2643,38.7854,66,12.0
15662,67.725,39.0694,66,12.0
15673,66.9541,38.6115,66,12.0
15684,67.5934,39.0004,66,12.0
15695,67.3866,38.8808,66,12.0
15707,67.0763,38.7004,66,12.0
15721,67.443,38.9273,66,12.0
15731,67.6498,39.0556,66,12.0
15742,67.3208,38.8644,66,12.0
15754,67.6216,39.0504,66,12.0
15766,67.772,39.1469,66,12.0
15779,67.0199,38.7032,66,12.0
15790,68.1199,39.3695,66,12.0
15801,67.6592,39.0988,66,12.0
15812,67.6968,39.1272,66,12.0
15825,67.5182,39.0262,66,12.0
15838,67.5652,39.0613,66,12.0
15850,67.8754,39.255,66,12.0
15860,68.2327,39.475,66,12.0
15872,67.2173,38.8723,66,12.0
15885,68.1951,39.4666,66,12.0
15897,68.2139,39.4858,66,12.0
15908,68.2139,39.4937,66,12.0
15919,68.1387,39.4566,66,12.0
15930,67.2362,38.9206,66,12.0
15940,67.8754,39.3113,66,12.0
15951,67.9413,39.3567,66,12.0
15963,67.8096,39.2855,66,12.0
15974,67.9318,39.3652,66,12.0
15985,67.631,39.1905,66,12.0
15996,67.8848,39.35,66,12.0
16007,67.7532,39.2767,66,12.0
16019,67.0481,38.8599,66,12.0
16030,67.8942,39.374,66,12.0
16041,67.3772,39.0685,66,12.0
16052,67.2173,38.9786,66,12.0
16070,67.0481,38.8863,66,12.0
16082,68.0447,39.4898,66,12.0
16092,67.0293,38.886,66,12.0
16103,67.9507,39.4449,66,12.0
16114,67.7908,39.3543,66,12.0
16126,67.4806,39.1752,66,12.0
16141,67.8284,39.391,66,12.0
16152,67.913,39.4472,66,12.0
16164,67.2831,39.0757,66,12.0
16174,67.6122,39.2774,66,12.0
16186,66.9917,38.9094,66,12.0
16198,67.2925,39.0949,66,12.0
16209,67.6404,39.3081,66,12.0
16220,66.6909,38.7425,66,12.0
16231,66.8601,38.8475,66,12.0
16254,66.6814,38.749,66,12.0
16265,67.0575,38.978,66,12.0
16276,66.5968,38.7041,66,12.0
16286,66.8225,38.8428,66,12.0
16297,67.0575,38.9865,66,12.0
16308,66.3618,38.5723,66,12.0
16320,67.0481,38.9868,66,12.0
16331,66.4276,38.6173,66,12.0
16341,66.484,38.6538,66,12.0
16352,66.296,38.542,66,12.0
16364,65.9293,38.3242,66,12.0
16375,66.484,38.6579,66,12.0
16386,66.2114,38.4961,66,12.0
16397,66.296,38.5475,66,12.0
16408,66.39,38.6037,66,12.0
16418,65.7977,38.2493,66,12.0
16430,66.3148,38.5586,66,12.0
16440,65.3558,37.9819,66,12.0
16453,65.5533,38.1005,66,12.0
16463,65.7507,38.2176,66,12.0
16474,65.1114,37.8327,66,12.0
16487,65.5157,38.0732,66,12.0
16499,66.0422,38.3868,66,12.0
16512,65.3276,37.9564,66,12.0
16522,65.5909,38.1124,66,12.0
16534,65.2242,37.8891,66,12.0
16547,64.3405,37.3556,66,12.0
16558,65.243,37.8933,66,12.0
16570,64.9892,37.7359,66,12.0
16581,64.4815,37.4267,66,12.0
16594,65.149,37.8231,66,12.0
16605,64.7447,37.5752,66,12.0
16619,64.2653,37.2824,66,12.0
16630,64.8482,37.6276,66,12.0
16641,64.7072,37.5373,66,12.0
16652,64.3875,37.3405,66,12.0
16664,65.3088,37.8873,66,12.0
16678,64.4251,37.3492,66,12.0
16689,63.8798,37.0161,66,12.0
16700,64.2183,37.2119,66,12.0
16711,63.9926,37.0697,66,12.0
16734,64.2747,37.2256,66,12.0
16744,63.5037,36.7564,66,12.0
16755,64.3311,37.2456,66,12.0
16766,63.5696,36.7805,66,12.0
16777,63.8704,36.9537,66,12.0
16787,64.1807,37.1314,66,12.0
16799,63.4756,36.7003,66,12.0
16810,63.4756,36.6916,66,12.0
16821,63.7294,36.8344,66,12.0
16832,63.4191,36.6413,66,12.0
16848,63.767,36.838,66,12.0
16859,64.1901,37.0828,66,12.0
16871,63.7482,36.8104,66,12.0
16882,63.9456,36.9211,66,12.0
16894,64.1243,37.02,66,12.0
16906,63.7858,36.8092,66,12.0
16917,64.3405,37.1348,66,12.0
16928,64.1713,37.0257,66,12.0
16939,63.4003,36.5564,66,12.0
16950,64.4251,37.1638,66,12.0
16961,63.7388,36.7445,66,12.0
16972,64.0678,36.9348,66,12.0
16983,63.8704,36.808,66,12.0
16994,63.2875,36.4509,66,12.0
17004,63.7012,36.6902,66,12.0
17015,63.6166,36.6326,66,12.0
17026,64.3311,37.0546,66,12.0
17039,64.3311,37.046,66,12.0
17052,64.0772,36.8856,66,12.0
17062,63.908,36.7784,66,12.0
17073,64.5003,37.1275,66,12.0
17085,64.1337,36.9009,66,12.0
17100,63.7482,36.6604,66,12.0
17110,64.5473,37.1324,66,12.0
17121,63.8234,36.6927,66,12.0
17132,64.4063,37.0361,66,12.0
17144,64.6883,37.1983,66,12.0
17158,64.0678,36.8178,66,12.0
17169,65.0268,37.3885,66,12.0
17179,64.2841,36.9375,66,12.0
17190,64.3593,36.9773,66,12.0
17201,64.914,37.3047,66,12.0
17212,64.4251,37.0061,66,12.0
17223,64.9046,37.2899,66,12.0
17234,64.7259,37.1769,66,12.0
17245,64.1431,36.8214,66,12.0
17257,64.9798,37.3181,66,12.0
17268,64.3499,36.9342,66,12.0
17279,64.6977,37.1391,66,12.0
17290,64.6131,37.0826,66,12.0
17300,64.4533,36.9823,66,12.0
17311,65.0644,37.345,66,12.0
17333,64.7447,37.1443,66,12.0
17344,64.5849,37.0436,66,12.0
17354,64.3687,36.9089,66,12.0
17365,65.1866,37.396,66,12.0
17376,65.149,37.369,66,12.0
17387,65.1678,37.377,66,12.0
17398,65.2712,37.4343,66,12.0
17411,64.4439,36.9338,66,12.0
17422,65.0268,37.2798,66,12.0
17433,64.867,37.1777,66,12.0
17446,64.5567,36.9866,66,12.0
17458,64.9234,37.2018,66,12.0
17469,65.2054,37.3658,66,12.0
17480,64.7259,37.0753,66,12.0
17490,65.4028,37.478,66,12.0
17501,64.4439,36.8991,66,12.0
17522,65.4028,37.4668,66,12.0
17533,64.8012,37.1025,66,12.0
17544,65.5627,37.5555,66,12.0
17555,64.961,37.1907,66,12.0
17568,65.2242,37.3453,66,12.0
17580,65.3464,37.4145,66,12.0
17592,65.5909,37.5585,66,12.0
17603,65.1114,37.269,66,12.0
17614,65.384,37.4291,66,12.0
17625,65.149,37.2847,66,12.0
17637,65.8165,37.684,66,12.0
17648,65.7601,37.6483,66,12.0
17659,64.7635,37.0474,66,12.0
17669,65.5345,37.5077,66,12.0
17680,65.7695,37.647,66,12.0
17691,65.4781,37.4714,66,12.0
17703,65.6379,37.5664,66,12.0
17714,65.384,37.4123,66,12.0
17724,65.4405,37.4456,66,12.0
17736,65.9669,37.7599,66,12.0
17747,65.4687,37.4599,66,12.0
17759,65.7507,37.6279,66,12.0
17770,65.6003,37.5362,66,12.0
17781,64.8952,37.1105,66,12.0
17792,65.7789,37.6394,66,12.0
17804,65.3276,37.3659,66,12.0
17815,65.5251,37.4832,66,12.0
17826,65.9293,37.7249,66,12.0
17837,65.4028,37.4074,66,12.0
17847,65.8541,37.6774,66,12.0
17858,65.5533,37.4959,66,12.0
17869,65.5345,37.4831,66,12.0
17880,66.0422,37.7876,66,12.0
17891,65.8729,37.6849,66,12.0
17902,65.7601,37.6179,66,12.0
17913,66.3054,37.9445,66,12.0
17928,66.7567,38.2157,66,12.0
17939,65.5815,37.5117,66,12.0
17952,66.6533,38.1561,66,12.0
17963,66.1832,37.8741,66,12.0
17975,66.2208,37.8984,66,12.0
17987,66.5216,38.0804,66,12.0
17998,66.1832,37.8778,66,12.0
18013,66.1362,37.8509,66,12.0
18024,66.1268,37.8467,66,12.0
18035,66.155,37.863,66,12.0
18048,65.8165,37.66,66,12.0
18058,65.8823,37.6992,66,12.0
18069,65.9857,37.7592,66,12.0
18080,65.8729,37.692,66,12.0
18091,66.437,38.0305,66,12.0
18103,65.7977,37.6459,66,12.0
18123,66.061,37.8032,66,12.0
18133,66.0422,37.792,66,12.0
18144,66.2396,37.9112,66,12.0
18155,66.1174,37.8367,66,12.0
18166,66.1362,37.8492,66,12.0
18181,66.3054,37.9515,66,12.0
18191,66.39,38.0029,66,12.0
18202,66.2114,37.8972,66,12.0
18213,66.1362,37.8526,66,12.0
18225,66.2678,37.931,66,12.0
18239,66.0234,37.7868,66,12.0
18250,65.7319,37.6115,66,12.0
18261,66.7097,38.1983,66,12.0
18272,65.9857,37.7646,66,12.0
18285,66.249,37.9239,66,12.0
18299,66.4746,38.06,66,12.0
18310,66.0986,37.8346,66,12.0
18321,66.2302,37.9151,66,12.0
18332,66.4182,38.0279,66,12.0
18350,66.8131,38.2651,66,12.0
18361,65.5157,37.4872,66,12.0
18372,65.5251,37.4914,66,12.0
18383,66.3148,37.9652,66,12.0
18394,65.8541,37.6888,66,12.0
18405,66.2866,37.9495,66,12.0
18418,66.1174,37.8469,66,12.0
18429,65.7507,37.6272,66,12.0
18441,65.9293,37.7343,66,12.0
18451,65.7507,37.626,66,12.0
18474,66.5028,38.0786,66,12.0
18485,66.0422,37.8023,66,12.0
18495,65.1678,37.2773,66,12.0
18506,66.3806,38.0047,66,12.0
18517,65.6755,37.5829,66,12.0
18529,66.3806,38.0076,66,12.0
18540,66.4088,38.0249,66,12.0
18551,65.7225,37.6145,66,12.0
18561,66.3712,38.0045,66,12.0
18572,66.2584,37.9374,66,12.0
18585,65.7413,37.628,66,12.0
18597,66.4558,38.0576,66,12.0
18607,65.9669,37.7648,66,12.0
18618,66.3242,37.9806,66,12.0
18629,66.4276,38.0428,66,12.0
18640,65.7883,37.6603,66,12.0
18651,67.1327,38.4681,66,12.0
18663,66.3054,37.9739,66,12.0
18674,66.3148,37.9818,66,12.0
18684,66.9447,38.3609,66,12.0
18695,66.7191,38.2289,66,12.0
18707,66.9353,38.3614,66,12.0
18719,66.0704,37.844,66,12.0
18730,66.5686,38.1459,66,12.0
18741,67.2831,38.5776,66,12.0
18752,66.6438,38.1971,66,12.0
18769,66.1926,37.9311,66,12.0
18781,66.9729,38.4032,66,12.0
18792,66.9823,38.4116,66,12.0
18803,66.4182,38.0758,66,12.0
18814,66.8883,38.361,66,12.0
18826,66.4276,38.0868,66,12.0
18837,66.8695,38.3555,66,12.0
18851,67.4242,38.6929,66,12.0
18862,66.8977,38.3799,66,12.0
18875,66.9353,38.407,66,12.0
18886,67.5746,38.7951,66,12.0
18902,67.5464,38.785,66,12.0
18914,66.7567,38.3153,66,12.0
18925,67.2831,38.6362,66,12.0
18936,67.2173,38.6005,66,12.0
18950,67.302,38.6573,66,12.0
18961,67.4336,38.7425,66,12.0
18971,67.6592,38.8817,66,12.0
18982,66.8507,38.4008,66,12.0
18994,67.6968,38.9137,66,12.0
19006,67.725,38.9363,66,12.0
19019,67.1327,38.5879,66,12.0
19030,68.1951,39.2316,66,12.0
19041,67.866,39.0397,66,12.0
19051,68.0635,39.1648,66,12.0
19075,67.7438,38.9879,66,12.0
19086,68.0259,39.1653,66,12.0
19097,67.7908,39.0306,66,12.0
19107,67.7062,38.9868,66,12.0
19118,67.9413,39.1347,66,12.0
19130,67.0669,38.6151,66,12.0
19141,67.7532,39.0341,66,12.0
19153,67.8284,39.0856,66,12.0
19164,67.49,38.8887,66,12.0
19176,66.6438,38.3871,66,12.0
19187,68.0729,39.2497,66,12.0
19201,67.1985,38.7333,66,12.0
19212,67.6028,38.9825,66,12.0
19222,67.6968,39.0444,66,12.0
19233,67.3301,38.8304,66,12.0
19247,67.7062,39.063,66,12.0
19259,67.6028,39.0063,66,12.0
19270,66.8507,38.561,66,12.0
19281,67.1985,38.774,66,12.0
19292,67.4054,38.9025,66,12.0
19305,67.3866,38.8979,66,12.0
19318,67.9695,39.2543,66,12.0
19329,67.8848,39.2094,66,12.0
19340,67.4054,38.9286,66,12.0
19351,68.1011,39.3532,66,12.0
19375,67.8378,39.2105,66,12.0
19386,67.8942,39.2495,66,12.0
19397,67.443,38.9849,66,12.0
19408,67.5934,39.0811,66,12.0
19419,67.584,39.0807,66,12.0
19430,67.2831,38.9061,66,12.0
19441,67.4994,39.0405,66,12.0
19452,67.0857,38.7969,66,12.0
19463,67.1045,38.8137,66,12.0
19474,67.3584,38.9693,66,12.0
19488,66.9447,38.7262,66,12.0
19499,67.3114,38.9504,66,12.0
19512,67.1045,38.8298,66,12.0
19523,66.0422,38.1952,66,12.0
19534,66.9729,38.7557,66,12.0
19546,66.7003,38.5939,66,12.0
19557,66.5122,38.4837,66,12.0
19568,66.296,38.3553,66,12.0
19579,66.437,38.4409,66,12.0
19590,65.6943,37.9964,66,12.0
19600,66.5968,38.5379,66,12.0
19612,65.8917,38.1159,66,12.0
19623,66.0328,38.2008,66,12.0
19634,65.7695,38.0413,66,12.0
19645,65.5251,37.8941,66,12.0
19655,65.5251,37.8916,66,12.0
19667,64.9798,37.5617,66,12.0
19679,65.1678,37.672,66,12.0
19690,64.9328,37.5267,66,12.0
19701,64.961,37.5406,66,12.0
19712,65.1114,37.6271,66,12.0
19724,64.3875,37.1877,66,12.0
19735,64.5379,37.273,66,12.0
19746,65.0456,37.5729,66,12.0
19757,64.7635,37.4004,66,12.0
19768,65.0174,37.5474,66,12.0
19778,64.3123,37.1198,66,12.0
19790,64.9516,37.4976,66,12.0
19801,64.2559,37.0752,66,12.0
19812,64.1901,37.0306,66,12.0
19823,64.4721,37.1942,66,12.0
19836,64.3123,37.0919,66,12.0
19847,64.5567,37.2341,66,12.0
19860,64.7824,37.3623,66,12.0
19871,64.4909,37.1824,66,12.0
19884,64.2371,37.0238,66,12.0
19894,64.3781,37.1015,66,12.0
19908,63.7012,36.6881,66,12.0
19919,64.1243,36.9352,66,12.0
19930,64.2089,36.9776,66,12.0
19941,63.8516,36.7574,66,12.0
19954,64.5473,37.168,66,12.0
19965,64.2747,36.9978,66,12.0
19979,64.0772,36.872,66,12.0
19990,64.6507,37.2101,66,12.0
20003,64.7259,37.2487,66,12.0
20015,63.8516,36.7184,66,12.0
20026,64.7635,37.2592,66,12.0
20038,63.9174,36.7445,66,12.0
20053,63.814,36.6732,66,12.0
